stateId	unique.str	composition	structure	fct	n	type	color
1	PIAB  10 2	PIAB 	10	2	362837		#256d37
2	PIAB  10 1	PIAB 	10	1	49577		#256d37
3	PIAB  8 2	PIAB 	8	2	96568		#256d37
4	PIAB lade  8 2	PIAB lade 	8	2	2426		#687022
5	PIAB fasy  10 2	PIAB fasy 	10	2	141544		#308245
6	piab fasy  9 1	piab fasy 	9	1	62476		#43a55c
7	FASY  9 1	FASY 	9	1	42365		#ade268
8	acps frex  8 0	acps frex 	8	0	10		#c0c0c0
9	piab fasy  8 2	piab fasy 	8	2	339717		#43a55c
10	PIAB  7 2	PIAB 	7	2	31771		#256d37
11	fasy acps frex  8 1	fasy acps frex 	8	1	41		#c0c0c0
12	piab  9 2	piab 	9	2	9440		#256d37
13	PIAB fasy  9 2	PIAB fasy 	9	2	91889		#308245
14	FASY  8 2	FASY 	8	2	3032558		#ade268
15	piab fasy  8 1	piab fasy 	8	1	110265		#43a55c
16	fasy frex  8 1	fasy frex 	8	1	1363		#c0c0c0
17	PIAB  7 1	PIAB 	7	1	25579		#256d37
18	piab fasy  4 2	piab fasy 	4	2	282		#43a55c
19	fasy  9 1	fasy 	9	1	7266		#b4d884
20	piab abal fasy  9 1	piab abal fasy 	9	1	772		#488c59
21	fasy acps  9 1	fasy acps 	9	1	677		#c0c0c0
22	FASY piab  9 1	FASY piab 	9	1	10133		#629e31
23	PIAB  5 1	PIAB 	5	1	2143		#256d37
24	FASY  8 1	FASY 	8	1	66433		#ade268
25	PIAB  9 2	PIAB 	9	2	211035		#256d37
26	piab fasy  9 2	piab fasy 	9	2	702755		#43a55c
27	piab fasy  10 2	piab fasy 	10	2	661650		#43a55c
28	piab fasy  10 1	piab fasy 	10	1	15251		#43a55c
29	piab fasy  9 0	piab fasy 	9	0	1013		#43a55c
30	PIAB  6 2	PIAB 	6	2	6478		#256d37
31	PIAB  8 1	PIAB 	8	1	45129		#256d37
32	FASY  9 0	FASY 	9	0	848		#ade268
33	FASY  5 1	FASY 	5	1	5985		#ade268
34	piab fasy  6 1	piab fasy 	6	1	38833		#43a55c
35	piab fasy  7 2	piab fasy 	7	2	86260		#43a55c
36	PIAB  10 0	PIAB 	10	0	648		#256d37
37	piab fasy  7 1	piab fasy 	7	1	81438		#43a55c
38	PIAB  9 1	PIAB 	9	1	56822		#256d37
39	PIAB fasy  9 1	PIAB fasy 	9	1	15609		#308245
40	piab acps  7 1	piab acps 	7	1	107		#c0c0c0
41	pisy fasy  9 1	pisy fasy 	9	1	721		#a86e06
42	FASY  7 1	FASY 	7	1	46217		#ade268
43	FASY  6 1	FASY 	6	1	13767		#ade268
44	PIAB fasy  8 1	PIAB fasy 	8	1	20039		#308245
45	FASY piab  7 1	FASY piab 	7	1	20197		#629e31
46	fasy  10 1	fasy 	10	1	1156		#b4d884
47	fasy frex  9 1	fasy frex 	9	1	804		#c0c0c0
48	FASY  6 0	FASY 	6	0	1429		#ade268
49	FASY  6 2	FASY 	6	2	349813		#ade268
50	FASY  7 2	FASY 	7	2	1055912		#ade268
51	FASY frex  7 0	FASY frex 	7	0	61		#c0c0c0
52	piab fasy frex  8 1	piab fasy frex 	8	1	701		#c0c0c0
53	fasy frex  6 1	fasy frex 	6	1	329		#c0c0c0
54	FASY piab  8 1	FASY piab 	8	1	23750		#629e31
55	piab  7 1	piab 	7	1	1991		#256d37
56	FREX  1 0	FREX 	1	0	1639		#c0c0c0
57	piab pisy fasy  7 1	piab pisy fasy 	7	1	2048		#754d07
58	piab fasy  5 1	piab fasy 	5	1	16386		#43a55c
59	fasy frex  7 1	fasy frex 	7	1	808		#c0c0c0
60	fasy alin  7 1	fasy alin 	7	1	14		#c0c0c0
61	piab pisy  7 1	piab pisy 	7	1	2262		#825a12
62	fasy acps  8 1	fasy acps 	8	1	979		#c0c0c0
63	FASY acps  6 1	FASY acps 	6	1	113		#c0c0c0
64	PIAB fasy  10 1	PIAB fasy 	10	1	6956		#308245
65	FASY frex  6 0	FASY frex 	6	0	77		#c0c0c0
66	fasy acps  7 1	fasy acps 	7	1	855		#c0c0c0
67	FASY frex  6 1	FASY frex 	6	1	85		#c0c0c0
68	fasy frex  6 0	fasy frex 	6	0	266		#c0c0c0
69	fasy acps  5 0	fasy acps 	5	0	74		#c0c0c0
70	FASY  5 0	FASY 	5	0	619		#ade268
71	fasy  8 1	fasy 	8	1	12167		#b4d884
72	fasy  7 1	fasy 	7	1	6200		#b4d884
73	PIAB fasy  8 2	PIAB fasy 	8	2	36837		#308245
74	FASY  8 0	FASY 	8	0	2390		#ade268
75	piab  7 2	piab 	7	2	1522		#256d37
76	piab fasy  7 0	piab fasy 	7	0	1824		#43a55c
77	FASY piab  5 2	FASY piab 	5	2	9765		#629e31
78	FASY piab  6 1	FASY piab 	6	1	13753		#629e31
79	piab fasy  6 2	piab fasy 	6	2	22151		#43a55c
80	PIAB fasy  7 1	PIAB fasy 	7	1	11493		#308245
81	FASY  7 0	FASY 	7	0	2555		#ade268
82	PIAB frex  4 0	PIAB frex 	4	0	99		#c0c0c0
83	piab frex  5 0	piab frex 	5	0	292		#c0c0c0
84	FASY acps  5 0	FASY acps 	5	0	72		#c0c0c0
85	PIAB fasy  7 2	PIAB fasy 	7	2	8122		#308245
86	FASY piab  8 2	FASY piab 	8	2	240220		#629e31
87	piab lade  8 1	piab lade 	8	1	11649		#687022
88	abal fasy  7 1	abal fasy 	7	1	1868		darkgrey
89	piab fasy  5 0	piab fasy 	5	0	395		#43a55c
90	lade fasy  8 1	lade fasy 	8	1	7801		#ada845
91	piab lade fasy  8 1	piab lade fasy 	8	1	7798		#9ead18
92	piab lade  7 1	piab lade 	7	1	5799		#687022
93	LADE  5 0	LADE 	5	0	366		yellow
94	piab lade fasy  8 2	piab lade fasy 	8	2	8381		#9ead18
95	lade fasy  7 0	lade fasy 	7	0	937		#ada845
96	FASY  10 1	FASY 	10	1	5685		#ade268
97	FASY piab  7 2	FASY piab 	7	2	85223		#629e31
98	LADE  7 1	LADE 	7	1	1827		yellow
99	lade fasy acps  6 0	lade fasy acps 	6	0	17		#c0c0c0
100	FASY  10 0	FASY 	10	0	158		#ade268
101	piab lade fasy  10 0	piab lade fasy 	10	0	48		#9ead18
102	piab acps  5 1	piab acps 	5	1	11		#c0c0c0
103	LADE  6 0	LADE 	6	0	936		yellow
104	piab lade  8 0	piab lade 	8	0	960		#687022
105	piab lade  6 0	piab lade 	6	0	429		#687022
106	PIAB lade  6 0	PIAB lade 	6	0	61		#687022
107	PIAB  6 1	PIAB 	6	1	8146		#256d37
108	PIAB  5 2	PIAB 	5	2	1040		#256d37
109	FASY frex  8 0	FASY frex 	8	0	71		#c0c0c0
110	PIAB lade  8 1	PIAB lade 	8	1	2861		#687022
111	PIAB lade  6 1	PIAB lade 	6	1	463		#687022
112	piab  8 1	piab 	8	1	2893		#256d37
113	PIAB frex  5 1	PIAB frex 	5	1	63		#c0c0c0
114	piab fasy  4 1	piab fasy 	4	1	3306		#43a55c
115	PIAB  7 0	PIAB 	7	0	2104		#256d37
116	PIAB lade  7 1	PIAB lade 	7	1	1740		#687022
117	piab fasy  6 0	piab fasy 	6	0	723		#43a55c
118	FASY lade  7 1	FASY lade 	7	1	466		#c0c0c0
119	PIAB  1 0	PIAB 	1	0	895		#256d37
120	piab lade  7 0	piab lade 	7	0	1042		#687022
121	FASY acps  7 1	FASY acps 	7	1	226		#c0c0c0
122	fasy acps  7 2	fasy acps 	7	2	196		#c0c0c0
123	fasy acps  6 1	fasy acps 	6	1	321		#c0c0c0
124	PIAB abal  7 1	PIAB abal 	7	1	123		#c0c0c0
125	piab fasy acps  8 1	piab fasy acps 	8	1	281		#c0c0c0
126	fasy  6 1	fasy 	6	1	959		#b4d884
127	piab abal fasy  7 1	piab abal fasy 	7	1	902		#488c59
128	piab fasy  8 0	piab fasy 	8	0	2012		#43a55c
129	piab fasy acps  7 2	piab fasy acps 	7	2	79		#c0c0c0
130	piab fasy acps  8 2	piab fasy acps 	8	2	239		#c0c0c0
131	PIAB fasy  8 0	PIAB fasy 	8	0	221		#308245
132	FASY piab  6 0	FASY piab 	6	0	167		#629e31
133	pisy fasy  7 1	pisy fasy 	7	1	2355		#a86e06
134	piab fasy acps  7 1	piab fasy acps 	7	1	420		#c0c0c0
135	PISY  5 1	PISY 	5	1	408		#c0c0c0
136	PISY  6 1	PISY 	6	1	1000		#c0c0c0
137	piab acps  7 2	piab acps 	7	2	24		#c0c0c0
138	pisy  6 1	pisy 	6	1	286		#c0c0c0
139	pisy fasy  6 1	pisy fasy 	6	1	674		#a86e06
140	piab pisy  8 1	piab pisy 	8	1	2773		#825a12
141	PIAB  5 0	PIAB 	5	0	1252		#256d37
142	PIAB fasy  6 1	PIAB fasy 	6	1	3965		#308245
143	fasy  8 2	fasy 	8	2	19938		#b4d884
144	piab  7 0	piab 	7	0	274		#256d37
145	PIAB fasy  6 0	PIAB fasy 	6	0	99		#308245
146	piab fasy acps  6 1	piab fasy acps 	6	1	108		#c0c0c0
147	piab pisy fasy  8 1	piab pisy fasy 	8	1	3036		#754d07
148	piab lade  6 1	piab lade 	6	1	1265		#687022
149	piab fasy frex  6 0	piab fasy frex 	6	0	85		#c0c0c0
150	PISY lade  5 1	PISY lade 	5	1	33		#c0c0c0
151	PISY  5 0	PISY 	5	0	52		#c0c0c0
152	pisy  5 1	pisy 	5	1	43		#c0c0c0
153	PIAB  8 0	PIAB 	8	0	2049		#256d37
154	piab  6 0	piab 	6	0	190		#256d37
155	piab pisy  6 1	piab pisy 	6	1	765		#825a12
156	LADE  5 1	LADE 	5	1	52		yellow
157	fasy  5 1	fasy 	5	1	123		#b4d884
158	PISY  7 1	PISY 	7	1	1448		#c0c0c0
159	FASY piab  9 2	FASY piab 	9	2	467123		#629e31
160	piab lade fasy  9 2	piab lade fasy 	9	2	9413		#9ead18
161	piab pisy fasy  6 1	piab pisy fasy 	6	1	224		#754d07
162	acps alin  6 0	acps alin 	6	0	13		#c0c0c0
163	PISY piab  6 1	PISY piab 	6	1	131		#c0c0c0
164	lade fasy  9 1	lade fasy 	9	1	5801		#ada845
165	lade fasy  8 2	lade fasy 	8	2	4139		#ada845
166	FASY lade  9 1	FASY lade 	9	1	834		#c0c0c0
167	lade fasy acps  8 1	lade fasy acps 	8	1	108		#c0c0c0
168	pisy fasy  8 1	pisy fasy 	8	1	3252		#a86e06
169	piab pisy  7 2	piab pisy 	7	2	1574		#825a12
170	lade pisy  7 1	lade pisy 	7	1	1223		#c0c0c0
171	PISY  6 2	PISY 	6	2	141		#c0c0c0
172	FASY  9 2	FASY 	9	2	3967738		#ade268
173	lade fasy  7 2	lade fasy 	7	2	1641		#ada845
174	piab lade  7 2	piab lade 	7	2	2303		#687022
175	pisy  7 1	pisy 	7	1	862		#c0c0c0
176	pisy fasy  7 2	pisy fasy 	7	2	843		#a86e06
177	piab lade fasy  7 1	piab lade fasy 	7	1	4323		#9ead18
178	piab lade fasy  6 2	piab lade fasy 	6	2	153		#9ead18
179	fasy  6 2	fasy 	6	2	256		#b4d884
180	FASY lade  7 2	FASY lade 	7	2	159		#c0c0c0
181	fasy  7 2	fasy 	7	2	3984		#b4d884
182	piab abal fasy  8 1	piab abal fasy 	8	1	1175		#488c59
183	piab abal  7 1	piab abal 	7	1	362		#c0c0c0
184	fasy  6 0	fasy 	6	0	280		#b4d884
185	piab lade fasy  7 2	piab lade fasy 	7	2	2973		#9ead18
186	lade fasy  6 2	lade fasy 	6	2	156		#ada845
187	lade fasy  7 1	lade fasy 	7	1	5464		#ada845
188	abal lade fasy  8 1	abal lade fasy 	8	1	345		#c0c0c0
189	FASY lade  8 1	FASY lade 	8	1	780		#c0c0c0
190	pisy  7 2	pisy 	7	2	320		#c0c0c0
191	abal fasy  9 1	abal fasy 	9	1	964		darkgrey
192	lade fasy  6 1	lade fasy 	6	1	951		#ada845
193	fasy alin  7 0	fasy alin 	7	0	29		#c0c0c0
194	pisy fasy  5 1	pisy fasy 	5	1	47		#a86e06
195	abal lade fasy  7 1	abal lade fasy 	7	1	804		#c0c0c0
196	abal fasy  9 2	abal fasy 	9	2	7314		darkgrey
197	fasy frex  7 0	fasy frex 	7	0	343		#c0c0c0
198	lade frex  6 0	lade frex 	6	0	122		#c0c0c0
199	fasy  9 2	fasy 	9	2	28257		#b4d884
200	LADE piab  5 1	LADE piab 	5	1	28		#c0c0c0
201	piab fasy  5 2	piab fasy 	5	2	4245		#43a55c
202	lade fasy  5 1	lade fasy 	5	1	123		#ada845
203	FASY lade  6 1	FASY lade 	6	1	177		#c0c0c0
204	LADE  6 1	LADE 	6	1	405		yellow
205	FASY  4 1	FASY 	4	1	1566		#ade268
206	piab pisy  5 1	piab pisy 	5	1	110		#825a12
207	piab lade  8 2	piab lade 	8	2	5369		#687022
208	lade  8 1	lade 	8	1	786		#c0c0c0
209	lade  6 0	lade 	6	0	106		#c0c0c0
210	piab abal  8 2	piab abal 	8	2	789		#c0c0c0
211	piab abal  9 2	piab abal 	9	2	1316		#c0c0c0
212	abal  7 1	abal 	7	1	79		#c0c0c0
213	abal  9 1	abal 	9	1	42		#c0c0c0
214	abal fasy  7 2	abal fasy 	7	2	1056		darkgrey
215	piab  8 2	piab 	8	2	5815		#256d37
216	ABAL  7 1	ABAL 	7	1	178		#c0c0c0
217	ABAL  6 1	ABAL 	6	1	28		#c0c0c0
218	abal  8 1	abal 	8	1	112		#c0c0c0
219	fasy  7 0	fasy 	7	0	607		#b4d884
220	FASY abal  7 2	FASY abal 	7	2	519		#c0c0c0
221	fasy frex  8 0	fasy frex 	8	0	360		#c0c0c0
222	abal lade  7 0	abal lade 	7	0	26		#c0c0c0
223	abal acps  7 1	abal acps 	7	1	16		#c0c0c0
224	piab lade fasy  9 1	piab lade fasy 	9	1	5052		#9ead18
225	LADE  9 0	LADE 	9	0	525		yellow
226	LADE  10 0	LADE 	10	0	71		yellow
227	abal fasy  10 1	abal fasy 	10	1	619		darkgrey
228	FASY abal  7 0	FASY abal 	7	0	68		#c0c0c0
229	abal fasy  8 1	abal fasy 	8	1	2346		darkgrey
230	piab abal  7 2	piab abal 	7	2	240		#c0c0c0
231	PIAB fasy  7 0	PIAB fasy 	7	0	206		#308245
232	fasy  8 0	fasy 	8	0	660		#b4d884
233	piab lade  9 2	piab lade 	9	2	9355		#687022
234	abal fasy  8 2	abal fasy 	8	2	5538		darkgrey
235	piab lade  9 1	piab lade 	9	1	9342		#687022
236	abal fasy  10 2	abal fasy 	10	2	3627		darkgrey
237	FASY abal  6 1	FASY abal 	6	1	121		#c0c0c0
238	lade fasy  6 0	lade fasy 	6	0	424		#ada845
239	lade  7 0	lade 	7	0	224		#c0c0c0
240	piab abal fasy  8 2	piab abal fasy 	8	2	3641		#488c59
241	PIAB acps  6 2	PIAB acps 	6	2	32		#c0c0c0
242	lade  9 1	lade 	9	1	795		#c0c0c0
243	LADE  8 1	LADE 	8	1	2265		yellow
244	LADE fasy  8 1	LADE fasy 	8	1	116		#c0c0c0
245	FASY piab  10 2	FASY piab 	10	2	329019		#629e31
246	abal fasy  6 1	abal fasy 	6	1	352		darkgrey
247	PIAB lade  7 2	PIAB lade 	7	2	1254		#687022
248	LADE piab  7 0	LADE piab 	7	0	344		#c0c0c0
249	abal fasy acps  7 1	abal fasy acps 	7	1	28		#c0c0c0
250	abal fasy acps  6 1	abal fasy acps 	6	1	18		#c0c0c0
251	LADE  8 0	LADE 	8	0	815		yellow
252	LADE  7 0	LADE 	7	0	1730		yellow
253	LADE piab  7 1	LADE piab 	7	1	636		#c0c0c0
254	abal lade  6 0	abal lade 	6	0	14		#c0c0c0
255	piab frex  4 0	piab frex 	4	0	407		#c0c0c0
256	PIAB  4 0	PIAB 	4	0	959		#256d37
257	fasy frex  3 0	fasy frex 	3	0	94		#c0c0c0
258	lade  7 1	lade 	7	1	557		#c0c0c0
259	lade fasy  10 1	lade fasy 	10	1	531		#ada845
260	piab abal fasy  6 1	piab abal fasy 	6	1	115		#488c59
261	FASY  4 0	FASY 	4	0	207		#ade268
262	LADE piab  6 0	LADE piab 	6	0	186		#c0c0c0
263	piab lade fasy  6 1	piab lade fasy 	6	1	648		#9ead18
264	fasy acps  7 0	fasy acps 	7	0	79		#c0c0c0
265	piab  6 1	piab 	6	1	549		#256d37
266	mix 1 0	mix	1	0	2310		#c0c0c0
267	FASY piab  4 0	FASY piab 	4	0	24		#629e31
268	fasy frex  4 0	fasy frex 	4	0	146		#c0c0c0
269	ACPS  5 0	ACPS 	5	0	34		#c0c0c0
270	piab lade fasy  7 0	piab lade fasy 	7	0	399		#9ead18
271	lade fasy  8 0	lade fasy 	8	0	1466		#ada845
272	lade fasy  5 0	lade fasy 	5	0	127		#ada845
273	LADE piab  9 1	LADE piab 	9	1	951		#c0c0c0
274	FASY piab  5 1	FASY piab 	5	1	7940		#629e31
275	lade fasy  9 2	lade fasy 	9	2	4260		#ada845
276	piab lade  5 2	piab lade 	5	2	164		#687022
277	FASY lade  5 0	FASY lade 	5	0	30		#c0c0c0
278	PIAB abal  7 2	PIAB abal 	7	2	88		#c0c0c0
279	lade fasy acps  7 1	lade fasy acps 	7	1	74		#c0c0c0
280	lade pisy  6 0	lade pisy 	6	0	73		#c0c0c0
281	lade fasy  4 0	lade fasy 	4	0	40		#ada845
282	piab lade fasy  10 2	piab lade fasy 	10	2	4674		#9ead18
283	lade fasy  10 2	lade fasy 	10	2	760		#ada845
284	FASY  10 2	FASY 	10	2	1035617		#ade268
285	lade fasy  9 0	lade fasy 	9	0	436		#ada845
286	abal fasy  6 2	abal fasy 	6	2	74		darkgrey
287	FASY lade  8 0	FASY lade 	8	0	263		#c0c0c0
288	piab pisy fasy  9 2	piab pisy fasy 	9	2	8315		#754d07
289	lade pisy  6 1	lade pisy 	6	1	703		#c0c0c0
290	abal lade fasy  6 1	abal lade fasy 	6	1	369		#c0c0c0
291	FASY  1 0	FASY 	1	0	165		#ade268
292	PISY  4 1	PISY 	4	1	146		#c0c0c0
293	piab abal  8 1	piab abal 	8	1	392		#c0c0c0
294	pisy fasy  5 0	pisy fasy 	5	0	34		#a86e06
295	PIAB  6 0	PIAB 	6	0	1792		#256d37
296	piab pisy  6 2	piab pisy 	6	2	264		#825a12
297	lade pisy fasy  6 1	lade pisy fasy 	6	1	108		#c0c0c0
298	abal lade fasy  9 1	abal lade fasy 	9	1	181		#c0c0c0
299	piab lade fasy  10 1	piab lade fasy 	10	1	724		#9ead18
300	piab frex  1 0	piab frex 	1	0	158		#c0c0c0
301	abal fasy acps  9 1	abal fasy acps 	9	1	60		#c0c0c0
302	FASY lade  10 2	FASY lade 	10	2	53		#c0c0c0
303	piab pisy  4 1	piab pisy 	4	1	18		#825a12
304	piab lade fasy acps  7 1	piab lade fasy acps 	7	1	33		#c0c0c0
305	LADE piab  8 1	LADE piab 	8	1	962		#c0c0c0
306	fasy frex  1 0	fasy frex 	1	0	45		#c0c0c0
307	FREX  2 0	FREX 	2	0	1197		#c0c0c0
308	piab frex  6 0	piab frex 	6	0	263		#c0c0c0
309	pisy fasy  6 0	pisy fasy 	6	0	46		#a86e06
310	lade pisy  8 1	lade pisy 	8	1	944		#c0c0c0
311	piab abal fasy  6 0	piab abal fasy 	6	0	19		#488c59
312	abal fasy  6 0	abal fasy 	6	0	98		darkgrey
313	acps  6 1	acps 	6	1	47		#c0c0c0
314	lade acps  6 1	lade acps 	6	1	41		#c0c0c0
315	piab acps  6 1	piab acps 	6	1	54		#c0c0c0
316	LADE piab  8 0	LADE piab 	8	0	234		#c0c0c0
317	PIAB lade  8 0	PIAB lade 	8	0	186		#687022
318	piab fasy frex  6 1	piab fasy frex 	6	1	192		#c0c0c0
319	BEPE  1 0	BEPE 	1	0	309		#c0c0c0
320	ACPS  6 1	ACPS 	6	1	100		#c0c0c0
321	piab lade  9 0	piab lade 	9	0	365		#687022
322	FASY pisy  7 1	FASY pisy 	7	1	98		#c0c0c0
323	abal pisy fasy  8 1	abal pisy fasy 	8	1	23		#c0c0c0
324	PIAB  9 0	PIAB 	9	0	1551		#256d37
325	PIAB lade  10 0	PIAB lade 	10	0	22		#687022
326	LADE  4 0	LADE 	4	0	199		yellow
327	piab frex  7 0	piab frex 	7	0	245		#c0c0c0
328	piab frex  7 1	piab frex 	7	1	488		#c0c0c0
329	abal fasy  7 0	abal fasy 	7	0	150		darkgrey
330	abal lade fasy  7 0	abal lade fasy 	7	0	47		#c0c0c0
331	piab lade  10 1	piab lade 	10	1	3214		#687022
332	PISY  6 0	PISY 	6	0	88		#c0c0c0
333	piab  5 2	piab 	5	2	19		#256d37
334	PIAB fasy  6 2	PIAB fasy 	6	2	1302		#308245
335	piab abal lade  8 1	piab abal lade 	8	1	211		#c0c0c0
336	piab  6 2	piab 	6	2	186		#256d37
337	PISY piab  7 1	PISY piab 	7	1	283		#c0c0c0
338	bepe  6 0	bepe 	6	0	23		#c0c0c0
339	FREX  7 0	FREX 	7	0	126		#c0c0c0
340	piab pisy  5 2	piab pisy 	5	2	34		#825a12
341	piab pisy fasy  9 1	piab pisy fasy 	9	1	951		#754d07
342	piab abal lade  9 1	piab abal lade 	9	1	160		#c0c0c0
343	piab bepe  7 1	piab bepe 	7	1	91		#c0c0c0
344	piab bepe  7 0	piab bepe 	7	0	152		#c0c0c0
345	LADE fasy  7 0	LADE fasy 	7	0	82		#c0c0c0
346	piab abal fasy  9 2	piab abal fasy 	9	2	7200		#488c59
347	piab abal lade fasy  9 1	piab abal lade fasy 	9	1	92		#c0c0c0
348	piab abal  9 1	piab abal 	9	1	196		#c0c0c0
349	PISY fasy  7 1	PISY fasy 	7	1	78		#c0c0c0
350	piab bepe  8 0	piab bepe 	8	0	151		#c0c0c0
351	FASY lade  10 1	FASY lade 	10	1	22		#c0c0c0
352	piab abal fasy  6 2	piab abal fasy 	6	2	74		#488c59
353	lade  10 1	lade 	10	1	284		#c0c0c0
354	piab alin  7 0	piab alin 	7	0	15		#c0c0c0
355	piab alin  1 0	piab alin 	1	0	4		#c0c0c0
356	frex  1 0	frex 	1	0	19		#c0c0c0
357	PIAB frex  1 0	PIAB frex 	1	0	77		#c0c0c0
358	lade pisy fasy  7 1	lade pisy fasy 	7	1	176		#c0c0c0
359	FASY piab  6 2	FASY piab 	6	2	37333		#629e31
360	PIAB acps  6 1	PIAB acps 	6	1	34		#c0c0c0
361	ALIN  1 0	ALIN 	1	0	47		#c0c0c0
362	piab bepe  5 1	piab bepe 	5	1	58		#c0c0c0
363	piab pisy fasy  7 2	piab pisy fasy 	7	2	667		#754d07
364	piab fasy acps  8 0	piab fasy acps 	8	0	17		#c0c0c0
365	PIAB fasy  9 0	PIAB fasy 	9	0	217		#308245
366	PISY fasy  6 1	PISY fasy 	6	1	29		#c0c0c0
367	pisy fasy  7 0	pisy fasy 	7	0	113		#a86e06
368	piab pisy fasy  7 0	piab pisy fasy 	7	0	50		#754d07
369	piab  8 0	piab 	8	0	320		#256d37
370	piab lade  5 1	piab lade 	5	1	363		#687022
371	PISY  7 0	PISY 	7	0	34		#c0c0c0
372	piab lade fasy  5 1	piab lade fasy 	5	1	72		#9ead18
373	PIAB abal  9 2	PIAB abal 	9	2	560		#c0c0c0
374	pisy  5 0	pisy 	5	0	25		#c0c0c0
375	piab pisy  6 0	piab pisy 	6	0	74		#825a12
376	PIAB pisy  8 1	PIAB pisy 	8	1	211		#c0c0c0
377	PIAB lade  5 2	PIAB lade 	5	2	93		#687022
378	PISY lade  6 0	PISY lade 	6	0	20		#c0c0c0
379	FREX  6 1	FREX 	6	1	268		#c0c0c0
380	piab pisy  5 0	piab pisy 	5	0	34		#825a12
381	piab pisy  8 0	piab pisy 	8	0	110		#825a12
382	PIAB  11 2	PIAB 	11	2	427959		#256d37
383	fasy  5 0	fasy 	5	0	69		#b4d884
384	lade  6 1	lade 	6	1	79		#c0c0c0
385	piab lade fasy  6 0	piab lade fasy 	6	0	119		#9ead18
386	piab lade pisy  7 1	piab lade pisy 	7	1	1417		#c0c0c0
387	PISY  3 1	PISY 	3	1	64		#c0c0c0
388	piab  9 1	piab 	9	1	1939		#256d37
389	PIAB  4 2	PIAB 	4	2	66		#256d37
390	piab lade  6 2	piab lade 	6	2	437		#687022
391	PISY fasy  5 0	PISY fasy 	5	0	9		#c0c0c0
392	piab lade pisy  8 2	piab lade pisy 	8	2	1229		#c0c0c0
393	LADE piab  5 0	LADE piab 	5	0	49		#c0c0c0
394	piab lade  10 2	piab lade 	10	2	8137		#687022
395	PIAB lade  10 1	PIAB lade 	10	1	505		#687022
396	piab  10 2	piab 	10	2	7218		#256d37
397	piab lade pisy  6 2	piab lade pisy 	6	2	205		#c0c0c0
398	lade pisy  6 2	lade pisy 	6	2	57		#c0c0c0
399	piab lade pisy  5 1	piab lade pisy 	5	1	91		#c0c0c0
400	piab lade pisy  6 1	piab lade pisy 	6	1	757		#c0c0c0
401	piab lade pisy  8 1	piab lade pisy 	8	1	1058		#c0c0c0
402	piab bepe  6 0	piab bepe 	6	0	128		#c0c0c0
403	lade bepe  8 0	lade bepe 	8	0	103		#c0c0c0
404	PIAB lade  6 2	PIAB lade 	6	2	346		#687022
405	PIAB fasy  5 1	PIAB fasy 	5	1	1362		#308245
406	piab abal fasy  10 1	piab abal fasy 	10	1	327		#488c59
407	lade pisy  5 1	lade pisy 	5	1	194		#c0c0c0
408	piab pisy  7 0	piab pisy 	7	0	115		#825a12
409	pisy  7 0	pisy 	7	0	57		#c0c0c0
410	lade pisy fasy  7 0	lade pisy fasy 	7	0	20		#c0c0c0
411	BEPE  4 0	BEPE 	4	0	63		#c0c0c0
412	LADE bepe  7 0	LADE bepe 	7	0	65		#c0c0c0
413	lade bepe  6 0	lade bepe 	6	0	107		#c0c0c0
414	PIAB  4 1	PIAB 	4	1	280		#256d37
415	piab abal lade fasy  8 2	piab abal lade fasy 	8	2	112		#c0c0c0
416	lade pisy  5 0	lade pisy 	5	0	41		#c0c0c0
417	PIAB pisy  7 1	PIAB pisy 	7	1	129		#c0c0c0
418	BEPE  2 0	BEPE 	2	0	231		#c0c0c0
419	LADE bepe  6 0	LADE bepe 	6	0	18		#c0c0c0
420	LADE  3 0	LADE 	3	0	133		yellow
421	piab fasy frex  5 1	piab fasy frex 	5	1	69		#c0c0c0
422	piab abal lade  9 2	piab abal lade 	9	2	201		#c0c0c0
423	piab abal lade  7 1	piab abal lade 	7	1	227		#c0c0c0
424	piab pisy  9 1	piab pisy 	9	1	1298		#825a12
425	PIAB pisy  6 1	PIAB pisy 	6	1	43		#c0c0c0
426	FREX  4 0	FREX 	4	0	687		#c0c0c0
427	LADE piab  6 1	LADE piab 	6	1	169		#c0c0c0
428	piab  10 1	piab 	10	1	801		#256d37
429	FASY piab  7 0	FASY piab 	7	0	312		#629e31
430	fasy acps  6 0	fasy acps 	6	0	100		#c0c0c0
431	piab lade  4 0	piab lade 	4	0	139		#687022
432	piab lade pisy  9 1	piab lade pisy 	9	1	318		#c0c0c0
433	PIAB abal  10 2	PIAB abal 	10	2	716		#c0c0c0
434	piab lade pisy  7 0	piab lade pisy 	7	0	30		#c0c0c0
435	piab lade pisy  10 1	piab lade pisy 	10	1	26		#c0c0c0
436	lade pisy fasy  8 1	lade pisy fasy 	8	1	207		#c0c0c0
437	BEPE  5 0	BEPE 	5	0	71		#c0c0c0
438	LADE fasy  8 0	LADE fasy 	8	0	113		#c0c0c0
439	piab lade pisy  6 0	piab lade pisy 	6	0	28		#c0c0c0
440	BEPE  6 0	BEPE 	6	0	98		#c0c0c0
441	LADE fasy  6 0	LADE fasy 	6	0	58		#c0c0c0
442	piab acps  6 0	piab acps 	6	0	76		#c0c0c0
443	abal fasy  5 0	abal fasy 	5	0	38		darkgrey
444	FASY lade  7 0	FASY lade 	7	0	116		#c0c0c0
445	lade pisy  7 0	lade pisy 	7	0	192		#c0c0c0
446	PIAB lade  5 1	PIAB lade 	5	1	112		#687022
447	PIAB lade  9 1	PIAB lade 	9	1	2350		#687022
448	abal fasy  4 0	abal fasy 	4	0	21		darkgrey
449	abal lade  6 1	abal lade 	6	1	70		#c0c0c0
450	piab abal lade fasy  6 1	piab abal lade fasy 	6	1	45		#c0c0c0
451	FASY lade  6 0	FASY lade 	6	0	39		#c0c0c0
452	piab abal  6 1	piab abal 	6	1	129		#c0c0c0
453	piab abal lade  6 1	piab abal lade 	6	1	52		#c0c0c0
454	LADE piab  6 2	LADE piab 	6	2	30		#c0c0c0
455	piab acps  7 0	piab acps 	7	0	70		#c0c0c0
456	PIAB acps  7 0	PIAB acps 	7	0	23		#c0c0c0
457	abal lade  7 1	abal lade 	7	1	168		#c0c0c0
458	piab lade pisy fasy  7 1	piab lade pisy fasy 	7	1	43		#c0c0c0
459	BEPE piab  4 0	BEPE piab 	4	0	6		#c0c0c0
460	lade fasy bepe  5 0	lade fasy bepe 	5	0	25		#c0c0c0
461	lade bepe  5 0	lade bepe 	5	0	43		#c0c0c0
462	fasy alin  5 0	fasy alin 	5	0	13		#c0c0c0
463	LADE frex  3 0	LADE frex 	3	0	24		#c0c0c0
464	piab abal lade fasy  7 1	piab abal lade fasy 	7	1	149		#c0c0c0
465	lade pisy  9 1	lade pisy 	9	1	266		#c0c0c0
466	lade bepe  4 0	lade bepe 	4	0	21		#c0c0c0
467	FASY abal  8 1	FASY abal 	8	1	372		#c0c0c0
468	PIAB fasy  4 0	PIAB fasy 	4	0	40		#308245
469	piab abal lade fasy  8 1	piab abal lade fasy 	8	1	87		#c0c0c0
470	piab lade fasy  8 0	piab lade fasy 	8	0	422		#9ead18
471	PIAB lade  9 2	PIAB lade 	9	2	4760		#687022
472	LADE fasy  9 0	LADE fasy 	9	0	30		#c0c0c0
473	FASY  5 2	FASY 	5	2	45918		#ade268
474	piab pisy fasy  8 0	piab pisy fasy 	8	0	28		#754d07
475	piab abal fasy  7 2	piab abal fasy 	7	2	559		#488c59
476	piab lade frex  6 0	piab lade frex 	6	0	34		#c0c0c0
477	FASY piab  10 0	FASY piab 	10	0	19		#629e31
478	fasy  9 0	fasy 	9	0	233		#b4d884
479	piab abal pisy  7 1	piab abal pisy 	7	1	18		#c0c0c0
480	lade frex  9 0	lade frex 	9	0	106		#c0c0c0
481	PISY fasy  8 1	PISY fasy 	8	1	160		#c0c0c0
482	FASY frex  3 0	FASY frex 	3	0	19		#c0c0c0
483	LADE  7 2	LADE 	7	2	108		yellow
484	LADE  9 1	LADE 	9	1	1420		yellow
485	piab lade fasy  5 0	piab lade fasy 	5	0	18		#9ead18
486	frex bepe  1 0	frex bepe 	1	0	126		#c0c0c0
487	mix 3 0	mix	3	0	36		#c0c0c0
488	fasy acps  8 0	fasy acps 	8	0	32		#c0c0c0
489	piab abal fasy  7 0	piab abal fasy 	7	0	34		#488c59
490	piab lade  4 1	piab lade 	4	1	35		#687022
491	FASY frex  1 0	FASY frex 	1	0	26		#c0c0c0
492	PIAB pisy  9 2	PIAB pisy 	9	2	1137		#c0c0c0
493	lade fasy acps  9 1	lade fasy acps 	9	1	35		#c0c0c0
494	piab pisy  8 2	piab pisy 	8	2	4504		#825a12
495	piab fasy frex  7 1	piab fasy frex 	7	1	302		#c0c0c0
496	FREX  4 1	FREX 	4	1	366		#c0c0c0
497	PIAB  2 0	PIAB 	2	0	664		#256d37
498	FASY acps  8 1	FASY acps 	8	1	169		#c0c0c0
499	frex bepe  2 0	frex bepe 	2	0	100		#c0c0c0
500	PIAB frex  8 1	PIAB frex 	8	1	174		#c0c0c0
501	fasy frex  5 0	fasy frex 	5	0	140		#c0c0c0
502	fasy acps  6 2	fasy acps 	6	2	50		#c0c0c0
503	LADE piab  2 0	LADE piab 	2	0	18		#c0c0c0
504	piab fasy frex  7 0	piab fasy frex 	7	0	102		#c0c0c0
505	BEPE  8 0	BEPE 	8	0	40		#c0c0c0
506	acps frex  5 1	acps frex 	5	1	17		#c0c0c0
507	FASY frex  8 1	FASY frex 	8	1	180		#c0c0c0
508	LADE  1 0	LADE 	1	0	371		yellow
509	LADE  2 0	LADE 	2	0	137		yellow
510	fasy  10 2	fasy 	10	2	8995		#b4d884
511	FASY  3 0	FASY 	3	0	90		#ade268
512	piab bepe  5 0	piab bepe 	5	0	87		#c0c0c0
513	piab fasy acps  5 0	piab fasy acps 	5	0	17		#c0c0c0
514	piab bepe  1 0	piab bepe 	1	0	22		#c0c0c0
515	lade fasy  3 0	lade fasy 	3	0	38		#ada845
516	fasy bepe  7 0	fasy bepe 	7	0	76		#c0c0c0
517	FREX  5 0	FREX 	5	0	437		#c0c0c0
518	LADE frex  7 0	LADE frex 	7	0	49		#c0c0c0
519	lade  5 0	lade 	5	0	25		#c0c0c0
520	lade bepe  7 0	lade bepe 	7	0	127		#c0c0c0
521	FASY piab  10 1	FASY piab 	10	1	1624		#629e31
522	FASY lade  9 0	FASY lade 	9	0	44		#c0c0c0
523	lade bepe  3 0	lade bepe 	3	0	28		#c0c0c0
524	ALIN  3 0	ALIN 	3	0	29		#c0c0c0
525	lade  8 0	lade 	8	0	190		#c0c0c0
526	fasy acps  10 1	fasy acps 	10	1	440		#c0c0c0
527	BEPE frex  2 0	BEPE frex 	2	0	32		#c0c0c0
528	fasy alin  6 1	fasy alin 	6	1	17		#c0c0c0
529	piab bepe  4 0	piab bepe 	4	0	91		#c0c0c0
530	piab acps  8 1	piab acps 	8	1	88		#c0c0c0
531	fasy frex alin  6 0	fasy frex alin 	6	0	32		#c0c0c0
532	FASY acps  9 1	FASY acps 	9	1	71		#c0c0c0
533	fasy acps  9 0	fasy acps 	9	0	18		#c0c0c0
534	piab lade  5 0	piab lade 	5	0	239		#687022
535	FASY acps  10 1	FASY acps 	10	1	102		#c0c0c0
536	piab fasy acps  9 1	piab fasy acps 	9	1	158		#c0c0c0
537	FASY acps  7 0	FASY acps 	7	0	55		#c0c0c0
538	piab  11 1	piab 	11	1	152		#256d37
539	PIAB fasy  4 1	PIAB fasy 	4	1	337		#308245
540	piab abal fasy  8 0	piab abal fasy 	8	0	54		#488c59
541	fasy frex alin  7 0	fasy frex alin 	7	0	12		#c0c0c0
542	PIAB fasy  1 0	PIAB fasy 	1	0	45		#308245
543	piab lade fasy  9 0	piab lade fasy 	9	0	240		#9ead18
544	lade frex  7 0	lade frex 	7	0	141		#c0c0c0
545	FASY frex  7 1	FASY frex 	7	1	195		#c0c0c0
546	piab abal  10 2	piab abal 	10	2	1241		#c0c0c0
547	FASY  2 0	FASY 	2	0	47		#ade268
548	piab abal fasy  10 2	piab abal fasy 	10	2	5132		#488c59
549	FASY  3 1	FASY 	3	1	224		#ade268
550	piab fasy acps  7 0	piab fasy acps 	7	0	40		#c0c0c0
551	piab frex  9 0	piab frex 	9	0	235		#c0c0c0
552	lade frex  4 0	lade frex 	4	0	114		#c0c0c0
553	piab lade frex  1 0	piab lade frex 	1	0	35		#c0c0c0
554	lade fasy frex  9 0	lade fasy frex 	9	0	41		#c0c0c0
555	lade frex  1 0	lade frex 	1	0	137		#c0c0c0
556	piab  1 0	piab 	1	0	41		#256d37
557	FREX bepe  1 0	FREX bepe 	1	0	49		#c0c0c0
558	piab  5 0	piab 	5	0	159		#256d37
559	frex alin  3 0	frex alin 	3	0	37		#c0c0c0
560	lade frex  8 0	lade frex 	8	0	120		#c0c0c0
561	FASY frex  5 0	FASY frex 	5	0	50		#c0c0c0
562	FASY lade  9 2	FASY lade 	9	2	569		#c0c0c0
563	BEPE  7 0	BEPE 	7	0	96		#c0c0c0
564	FREX  8 0	FREX 	8	0	59		#c0c0c0
565	fasy alin  6 0	fasy alin 	6	0	22		#c0c0c0
566	FASY piab  8 0	FASY piab 	8	0	274		#629e31
567	fasy frex  5 1	fasy frex 	5	1	162		#c0c0c0
568	FASY piab  5 0	FASY piab 	5	0	51		#629e31
569	BEPE frex  1 0	BEPE frex 	1	0	48		#c0c0c0
570	piab fasy  1 0	piab fasy 	1	0	61		#43a55c
571	piab fasy  11 1	piab fasy 	11	1	2420		#43a55c
572	FASY acps  6 0	FASY acps 	6	0	97		#c0c0c0
573	acps  9 1	acps 	9	1	27		#c0c0c0
574	PIAB pisy  7 2	PIAB pisy 	7	2	67		#c0c0c0
575	FREX lade  1 0	FREX lade 	1	0	87		#c0c0c0
576	PIAB lade  7 0	PIAB lade 	7	0	129		#687022
577	piab fasy frex  1 0	piab fasy frex 	1	0	19		#c0c0c0
578	LADE fasy  7 1	LADE fasy 	7	1	81		#c0c0c0
579	PIAB bepe  6 1	PIAB bepe 	6	1	39		#c0c0c0
580	piab fasy  10 0	piab fasy 	10	0	283		#43a55c
581	fasy frex  10 1	fasy frex 	10	1	84		#c0c0c0
582	piab fasy frex  11 1	piab fasy frex 	11	1	158		#c0c0c0
583	lade pisy  7 2	lade pisy 	7	2	144		#c0c0c0
584	lade fasy acps  6 1	lade fasy acps 	6	1	35		#c0c0c0
585	piab pisy fasy  8 2	piab pisy fasy 	8	2	5330		#754d07
586	lade fasy  1 0	lade fasy 	1	0	23		#ada845
587	piab fasy frex  5 0	piab fasy frex 	5	0	61		#c0c0c0
588	ACPS  7 1	ACPS 	7	1	84		#c0c0c0
589	lade fasy frex  7 0	lade fasy frex 	7	0	45		#c0c0c0
590	FREX  6 0	FREX 	6	0	250		#c0c0c0
591	lade fasy frex  7 1	lade fasy frex 	7	1	186		#c0c0c0
592	lade fasy frex  8 1	lade fasy frex 	8	1	338		#c0c0c0
593	ACPS  8 1	ACPS 	8	1	23		#c0c0c0
594	FASY frex  9 1	FASY frex 	9	1	41		#c0c0c0
595	PIAB frex  6 1	PIAB frex 	6	1	82		#c0c0c0
596	ACPS alin  6 0	ACPS alin 	6	0	12		#c0c0c0
597	PISY  7 2	PISY 	7	2	307		#c0c0c0
598	lade fasy acps  8 2	lade fasy acps 	8	2	16		#c0c0c0
599	FASY lade  8 2	FASY lade 	8	2	431		#c0c0c0
600	lade  9 0	lade 	9	0	44		#c0c0c0
601	fasy frex  2 0	fasy frex 	2	0	81		#c0c0c0
602	piab lade  10 0	piab lade 	10	0	44		#687022
603	FREX piab  1 0	FREX piab 	1	0	40		#c0c0c0
604	fasy bepe  6 0	fasy bepe 	6	0	35		#c0c0c0
605	lade frex  5 0	lade frex 	5	0	119		#c0c0c0
606	piab frex  8 0	piab frex 	8	0	231		#c0c0c0
607	frex bepe  4 0	frex bepe 	4	0	31		#c0c0c0
608	LADE bepe  5 0	LADE bepe 	5	0	18		#c0c0c0
609	PIAB pisy  8 0	PIAB pisy 	8	0	27		#c0c0c0
610	PISY piab  6 2	PISY piab 	6	2	22		#c0c0c0
611	piab pisy fasy  6 2	piab pisy fasy 	6	2	20		#754d07
612	piab lade pisy  7 2	piab lade pisy 	7	2	798		#c0c0c0
613	PIAB bepe  7 0	PIAB bepe 	7	0	32		#c0c0c0
614	pisy fasy  8 0	pisy fasy 	8	0	83		#a86e06
615	abal lade  9 1	abal lade 	9	1	41		#c0c0c0
616	LADE frex  4 0	LADE frex 	4	0	33		#c0c0c0
617	lade fasy bepe  6 0	lade fasy bepe 	6	0	15		#c0c0c0
618	piab abal  6 2	piab abal 	6	2	37		#c0c0c0
619	piab fasy bepe  8 1	piab fasy bepe 	8	1	69		#c0c0c0
620	frex bepe  3 0	frex bepe 	3	0	95		#c0c0c0
621	piab lade  3 0	piab lade 	3	0	130		#687022
622	piab bepe  2 0	piab bepe 	2	0	30		#c0c0c0
623	PIAB bepe  7 1	PIAB bepe 	7	1	47		#c0c0c0
624	piab alin  6 0	piab alin 	6	0	14		#c0c0c0
625	FASY frex  4 0	FASY frex 	4	0	38		#c0c0c0
626	fasy  4 0	fasy 	4	0	59		#b4d884
627	PIAB  11 0	PIAB 	11	0	102		#256d37
628	FREX lade  2 0	FREX lade 	2	0	46		#c0c0c0
629	BEPE  3 0	BEPE 	3	0	226		#c0c0c0
630	piab fasy acps  6 0	piab fasy acps 	6	0	30		#c0c0c0
631	piab frex  9 1	piab frex 	9	1	893		#c0c0c0
632	piab lade  1 0	piab lade 	1	0	79		#687022
633	frex alin  4 0	frex alin 	4	0	34		#c0c0c0
634	lade frex  8 1	lade frex 	8	1	443		#c0c0c0
635	FASY piab  1 0	FASY piab 	1	0	16		#629e31
636	piab bepe  6 1	piab bepe 	6	1	62		#c0c0c0
637	FREX  7 1	FREX 	7	1	231		#c0c0c0
638	PIAB frex  5 0	PIAB frex 	5	0	65		#c0c0c0
639	PIAB frex  2 0	PIAB frex 	2	0	77		#c0c0c0
640	fasy acps  8 2	fasy acps 	8	2	216		#c0c0c0
641	fasy alin  8 0	fasy alin 	8	0	10		#c0c0c0
642	lade frex  6 1	lade frex 	6	1	128		#c0c0c0
643	FASY abal  7 1	FASY abal 	7	1	220		#c0c0c0
644	piab frex  2 0	piab frex 	2	0	276		#c0c0c0
645	ACPS  5 1	ACPS 	5	1	69		#c0c0c0
646	FREX fasy  2 0	FREX fasy 	2	0	29		#c0c0c0
647	pisy  8 1	pisy 	8	1	458		#c0c0c0
648	FREX piab  2 0	FREX piab 	2	0	81		#c0c0c0
649	PIAB frex  8 0	PIAB frex 	8	0	75		#c0c0c0
650	piab bepe  8 1	piab bepe 	8	1	198		#c0c0c0
651	piab alin  8 0	piab alin 	8	0	1		#c0c0c0
652	piab  9 0	piab 	9	0	185		#256d37
653	PISY piab  7 2	PISY piab 	7	2	93		#c0c0c0
654	piab lade pisy  9 2	piab lade pisy 	9	2	659		#c0c0c0
655	frex bepe  7 0	frex bepe 	7	0	20		#c0c0c0
656	piab lade pisy  10 2	piab lade pisy 	10	2	79		#c0c0c0
657	abal fasy  5 1	abal fasy 	5	1	34		darkgrey
658	ACPS  6 0	ACPS 	6	0	14		#c0c0c0
659	lade bepe  6 1	lade bepe 	6	1	42		#c0c0c0
660	PIAB lade  10 2	PIAB lade 	10	2	4117		#687022
661	PIAB abal  6 1	PIAB abal 	6	1	27		#c0c0c0
662	FREX piab  7 0	FREX piab 	7	0	63		#c0c0c0
663	LADE fasy  9 1	LADE fasy 	9	1	87		#c0c0c0
664	FREX bepe  2 0	FREX bepe 	2	0	50		#c0c0c0
665	mix 4 0	mix	4	0	37		#c0c0c0
666	LADE frex  5 0	LADE frex 	5	0	27		#c0c0c0
667	ALIN  4 0	ALIN 	4	0	4		#c0c0c0
668	lade frex  9 1	lade frex 	9	1	608		#c0c0c0
669	PIAB bepe  9 0	PIAB bepe 	9	0	19		#c0c0c0
670	PIAB  3 0	PIAB 	3	0	738		#256d37
671	fasy bepe  7 1	fasy bepe 	7	1	69		#c0c0c0
672	lade fasy frex  9 1	lade fasy frex 	9	1	260		#c0c0c0
673	PIAB fasy  5 0	PIAB fasy 	5	0	45		#308245
674	LADE frex  9 0	LADE frex 	9	0	52		#c0c0c0
675	PIAB  11 1	PIAB 	11	1	17881		#256d37
676	lade frex  2 0	lade frex 	2	0	121		#c0c0c0
677	piab fasy frex  9 1	piab fasy frex 	9	1	646		#c0c0c0
678	lade frex  7 1	lade frex 	7	1	287		#c0c0c0
679	LADE  10 1	LADE 	10	1	395		yellow
680	piab lade fasy acps  8 1	piab lade fasy acps 	8	1	31		#c0c0c0
681	frex alin  2 0	frex alin 	2	0	15		#c0c0c0
682	pisy  6 0	pisy 	6	0	40		#c0c0c0
683	FASY pisy  8 1	FASY pisy 	8	1	190		#c0c0c0
684	lade pisy  8 2	lade pisy 	8	2	272		#c0c0c0
685	lade fasy bepe  6 1	lade fasy bepe 	6	1	39		#c0c0c0
686	ALIN  2 0	ALIN 	2	0	23		#c0c0c0
687	FASY lade  6 2	FASY lade 	6	2	38		#c0c0c0
688	piab frex  6 1	piab frex 	6	1	369		#c0c0c0
689	FREX  5 1	FREX 	5	1	227		#c0c0c0
690	piab fasy frex  10 1	piab fasy frex 	10	1	165		#c0c0c0
691	fasy bepe  8 0	fasy bepe 	8	0	20		#c0c0c0
692	bepe  7 0	bepe 	7	0	23		#c0c0c0
693	FREX fasy  4 0	FREX fasy 	4	0	23		#c0c0c0
694	piab lade bepe  4 0	piab lade bepe 	4	0	17		#c0c0c0
695	abal lade  8 0	abal lade 	8	0	17		#c0c0c0
696	FASY piab  3 0	FASY piab 	3	0	23		#629e31
697	FREX fasy  6 0	FREX fasy 	6	0	8		#c0c0c0
698	FREX lade  5 0	FREX lade 	5	0	11		#c0c0c0
699	piab lade  2 0	piab lade 	2	0	114		#687022
700	piab lade frex  2 0	piab lade frex 	2	0	67		#c0c0c0
701	PIAB fasy  11 2	PIAB fasy 	11	2	129163		#308245
702	PIAB frex  7 1	PIAB frex 	7	1	106		#c0c0c0
703	piab frex  8 1	piab frex 	8	1	674		#c0c0c0
704	PISY  5 2	PISY 	5	2	57		#c0c0c0
705	pisy fasy  9 2	pisy fasy 	9	2	3616		#a86e06
706	FASY pisy  5 1	FASY pisy 	5	1	19		#c0c0c0
707	lade bepe  7 1	lade bepe 	7	1	143		#c0c0c0
708	lade fasy frex  8 0	lade fasy frex 	8	0	105		#c0c0c0
709	LADE frex  7 1	LADE frex 	7	1	61		#c0c0c0
710	PIAB bepe  8 1	PIAB bepe 	8	1	65		#c0c0c0
711	PIAB frex  10 1	PIAB frex 	10	1	215		#c0c0c0
712	pisy fasy  8 2	pisy fasy 	8	2	4490		#a86e06
713	lade acps  7 1	lade acps 	7	1	42		#c0c0c0
714	frex bepe  5 0	frex bepe 	5	0	8		#c0c0c0
715	piab abal  8 0	piab abal 	8	0	26		#c0c0c0
716	piab pisy  10 2	piab pisy 	10	2	2495		#825a12
717	FREX  2 1	FREX 	2	1	47		#c0c0c0
718	piab lade frex  8 1	piab lade frex 	8	1	124		#c0c0c0
719	piab lade frex  7 0	piab lade frex 	7	0	39		#c0c0c0
720	LADE bepe  7 1	LADE bepe 	7	1	34		#c0c0c0
721	PIAB lade  9 0	PIAB lade 	9	0	63		#687022
722	piab bepe  9 0	piab bepe 	9	0	123		#c0c0c0
723	abal lade  8 1	abal lade 	8	1	86		#c0c0c0
724	FASY acps  8 0	FASY acps 	8	0	18		#c0c0c0
725	LADE frex  6 0	LADE frex 	6	0	29		#c0c0c0
726	PIAB frex  7 0	PIAB frex 	7	0	69		#c0c0c0
727	FASY frex  5 1	FASY frex 	5	1	16		#c0c0c0
728	LADE frex  9 1	LADE frex 	9	1	56		#c0c0c0
729	piab fasy  2 0	piab fasy 	2	0	72		#43a55c
730	piab fasy frex  2 0	piab fasy frex 	2	0	24		#c0c0c0
731	FASY bepe  8 1	FASY bepe 	8	1	26		#c0c0c0
732	frex  7 0	frex 	7	0	34		#c0c0c0
733	piab frex  3 0	piab frex 	3	0	432		#c0c0c0
734	pisy fasy  6 2	pisy fasy 	6	2	74		#a86e06
735	abal lade fasy  7 2	abal lade fasy 	7	2	170		#c0c0c0
736	abal lade fasy  9 2	abal lade fasy 	9	2	137		#c0c0c0
737	PIAB fasy  10 0	PIAB fasy 	10	0	116		#308245
738	PIAB frex  9 0	PIAB frex 	9	0	74		#c0c0c0
739	fasy  4 1	fasy 	4	1	46		#b4d884
740	lade fasy bepe  7 1	lade fasy bepe 	7	1	24		#c0c0c0
741	PIAB bepe  6 0	PIAB bepe 	6	0	17		#c0c0c0
742	lade bepe  2 0	lade bepe 	2	0	21		#c0c0c0
743	piab fasy frex  8 0	piab fasy frex 	8	0	142		#c0c0c0
744	piab acps  8 2	piab acps 	8	2	62		#c0c0c0
745	fasy bepe  9 1	fasy bepe 	9	1	38		#c0c0c0
746	abal fasy  8 0	abal fasy 	8	0	156		darkgrey
747	lade fasy frex  6 1	lade fasy frex 	6	1	21		#c0c0c0
748	FASY bepe  7 1	FASY bepe 	7	1	23		#c0c0c0
749	piab frex  10 1	piab frex 	10	1	791		#c0c0c0
750	mix 2 0	mix	2	0	27		#c0c0c0
751	frex alin  5 0	frex alin 	5	0	8		#c0c0c0
752	PIAB fasy  11 1	PIAB fasy 	11	1	1732		#308245
753	piab fasy frex  9 0	piab fasy frex 	9	0	123		#c0c0c0
754	frex  7 1	frex 	7	1	103		#c0c0c0
755	frex  5 0	frex 	5	0	29		#c0c0c0
756	piab fasy frex  4 0	piab fasy frex 	4	0	57		#c0c0c0
757	PIAB abal  8 2	PIAB abal 	8	2	327		#c0c0c0
758	FREX piab  8 0	FREX piab 	8	0	45		#c0c0c0
759	pisy  6 2	pisy 	6	2	25		#c0c0c0
760	lade bepe  8 1	lade bepe 	8	1	261		#c0c0c0
761	fasy acps frex  9 1	fasy acps frex 	9	1	38		#c0c0c0
762	lade pisy fasy  9 1	lade pisy fasy 	9	1	35		#c0c0c0
763	PISY fasy  9 1	PISY fasy 	9	1	36		#c0c0c0
764	piab lade frex  8 0	piab lade frex 	8	0	48		#c0c0c0
765	FREX  3 0	FREX 	3	0	1198		#c0c0c0
766	piab abal lade  8 2	piab abal lade 	8	2	141		#c0c0c0
767	FASY abal  8 0	FASY abal 	8	0	47		#c0c0c0
768	piab fasy  4 0	piab fasy 	4	0	209		#43a55c
769	piab fasy  11 2	piab fasy 	11	2	351868		#43a55c
770	piab lade fasy  11 1	piab lade fasy 	11	1	68		#9ead18
771	lade fasy  2 0	lade fasy 	2	0	32		#ada845
772	frex  8 1	frex 	8	1	106		#c0c0c0
773	LADE piab  9 0	LADE piab 	9	0	75		#c0c0c0
774	piab pisy fasy  6 0	piab pisy fasy 	6	0	33		#754d07
775	acps  7 1	acps 	7	1	31		#c0c0c0
776	PISY piab  8 1	PISY piab 	8	1	212		#c0c0c0
777	frex bepe  8 1	frex bepe 	8	1	20		#c0c0c0
778	PIAB acps  7 1	PIAB acps 	7	1	29		#c0c0c0
779	ACPS  7 0	ACPS 	7	0	13		#c0c0c0
780	LADE frex  8 1	LADE frex 	8	1	62		#c0c0c0
781	FREX fasy  5 1	FREX fasy 	5	1	33		#c0c0c0
782	piab lade bepe  7 1	piab lade bepe 	7	1	27		#c0c0c0
783	piab lade frex  9 0	piab lade frex 	9	0	38		#c0c0c0
784	lade frex  3 0	lade frex 	3	0	114		#c0c0c0
785	piab lade frex  3 0	piab lade frex 	3	0	52		#c0c0c0
786	LADE  6 2	LADE 	6	2	34		yellow
787	LADE piab  7 2	LADE piab 	7	2	53		#c0c0c0
788	abal fasy  9 0	abal fasy 	9	0	83		darkgrey
789	piab  2 0	piab 	2	0	103		#256d37
790	FREX lade  3 0	FREX lade 	3	0	49		#c0c0c0
791	FREX fasy  6 1	FREX fasy 	6	1	35		#c0c0c0
792	FREX piab  3 0	FREX piab 	3	0	193		#c0c0c0
793	piab abal lade fasy  10 1	piab abal lade fasy 	10	1	23		#c0c0c0
794	FASY piab  4 1	FASY piab 	4	1	1736		#629e31
795	ACPS  6 2	ACPS 	6	2	66		#c0c0c0
796	FREX  3 1	FREX 	3	1	265		#c0c0c0
797	piab acps  8 0	piab acps 	8	0	15		#c0c0c0
798	BEPE frex  3 0	BEPE frex 	3	0	24		#c0c0c0
799	piab bepe  10 0	piab bepe 	10	0	56		#c0c0c0
800	piab frex  10 0	piab frex 	10	0	133		#c0c0c0
801	PIAB fasy  5 2	PIAB fasy 	5	2	200		#308245
802	bepe  8 0	bepe 	8	0	23		#c0c0c0
803	FASY abal  6 2	FASY abal 	6	2	150		#c0c0c0
804	FREX fasy  3 0	FREX fasy 	3	0	30		#c0c0c0
805	abal fasy bepe  8 0	abal fasy bepe 	8	0	6		#c0c0c0
806	piab bepe  9 1	piab bepe 	9	1	237		#c0c0c0
807	lade fasy bepe  8 0	lade fasy bepe 	8	0	14		#c0c0c0
808	BEPE piab  7 0	BEPE piab 	7	0	4		#c0c0c0
809	mix 6 0	mix	6	0	23		#c0c0c0
810	FASY bepe  10 1	FASY bepe 	10	1	26		#c0c0c0
811	PIAB frex  10 0	PIAB frex 	10	0	45		#c0c0c0
812	PIAB abal  8 1	PIAB abal 	8	1	141		#c0c0c0
813	abal  8 2	abal 	8	2	42		#c0c0c0
814	abal fasy acps  10 1	abal fasy acps 	10	1	48		#c0c0c0
815	PISY piab  5 1	PISY piab 	5	1	25		#c0c0c0
816	FREX piab  8 1	FREX piab 	8	1	93		#c0c0c0
817	FASY acps  8 2	FASY acps 	8	2	84		#c0c0c0
818	pisy  8 0	pisy 	8	0	49		#c0c0c0
819	piab fasy bepe  9 1	piab fasy bepe 	9	1	58		#c0c0c0
820	mix 5 0	mix	5	0	31		#c0c0c0
821	lade bepe  9 1	lade bepe 	9	1	136		#c0c0c0
822	FREX piab  7 1	FREX piab 	7	1	42		#c0c0c0
823	FREX bepe  3 0	FREX bepe 	3	0	41		#c0c0c0
824	FREX lade  5 1	FREX lade 	5	1	41		#c0c0c0
825	PIAB frex  9 1	PIAB frex 	9	1	215		#c0c0c0
826	FREX  8 1	FREX 	8	1	201		#c0c0c0
827	frex bepe  8 0	frex bepe 	8	0	14		#c0c0c0
828	fasy frex  9 0	fasy frex 	9	0	103		#c0c0c0
829	piab fasy frex  8 2	piab fasy frex 	8	2	270		#c0c0c0
830	lade  11 1	lade 	11	1	40		#c0c0c0
831	PIAB pisy  8 2	PIAB pisy 	8	2	254		#c0c0c0
832	PISY lade  6 1	PISY lade 	6	1	40		#c0c0c0
833	piab lade bepe  8 0	piab lade bepe 	8	0	16		#c0c0c0
834	acps frex  6 1	acps frex 	6	1	10		#c0c0c0
835	piab lade frex  9 1	piab lade frex 	9	1	264		#c0c0c0
836	FREX lade  6 1	FREX lade 	6	1	45		#c0c0c0
837	piab lade fasy frex  9 1	piab lade fasy frex 	9	1	42		#c0c0c0
838	piab fasy frex  10 0	piab fasy frex 	10	0	22		#c0c0c0
839	PIAB frex  10 2	PIAB frex 	10	2	250		#c0c0c0
840	FREX piab  4 0	FREX piab 	4	0	125		#c0c0c0
841	abal lade fasy  10 1	abal lade fasy 	10	1	57		#c0c0c0
842	piab frex bepe  9 1	piab frex bepe 	9	1	35		#c0c0c0
843	piab lade bepe  8 1	piab lade bepe 	8	1	75		#c0c0c0
844	lade fasy bepe  8 1	lade fasy bepe 	8	1	63		#c0c0c0
845	piab bepe  3 0	piab bepe 	3	0	74		#c0c0c0
846	fasy  11 1	fasy 	11	1	50		#b4d884
847	PIAB frex  7 2	PIAB frex 	7	2	64		#c0c0c0
848	abal  9 2	abal 	9	2	80		#c0c0c0
849	PIAB pisy  9 1	PIAB pisy 	9	1	210		#c0c0c0
850	frex  3 0	frex 	3	0	152		#c0c0c0
851	FASY acps  7 2	FASY acps 	7	2	102		#c0c0c0
852	piab lade frex  4 0	piab lade frex 	4	0	35		#c0c0c0
853	frex alin  1 0	frex alin 	1	0	6		#c0c0c0
854	FREX lade  4 0	FREX lade 	4	0	30		#c0c0c0
855	piab frex  7 2	piab frex 	7	2	228		#c0c0c0
856	fasy bepe  8 1	fasy bepe 	8	1	80		#c0c0c0
857	piab lade frex  10 1	piab lade frex 	10	1	178		#c0c0c0
858	LADE frex  8 0	LADE frex 	8	0	20		#c0c0c0
859	PIAB frex  11 1	PIAB frex 	11	1	115		#c0c0c0
860	piab abal lade fasy  10 2	piab abal lade fasy 	10	2	52		#c0c0c0
861	PIAB frex  3 0	PIAB frex 	3	0	91		#c0c0c0
862	LADE frex  1 0	LADE frex 	1	0	25		#c0c0c0
863	piab frex  8 2	piab frex 	8	2	296		#c0c0c0
864	piab lade pisy fasy  8 1	piab lade pisy fasy 	8	1	70		#c0c0c0
865	fasy acps  9 2	fasy acps 	9	2	138		#c0c0c0
866	piab pisy  9 0	piab pisy 	9	0	23		#825a12
867	lade bepe  9 0	lade bepe 	9	0	25		#c0c0c0
868	piab lade bepe  9 1	piab lade bepe 	9	1	70		#c0c0c0
869	piab pisy  9 2	piab pisy 	9	2	6709		#825a12
870	frex bepe  9 1	frex bepe 	9	1	14		#c0c0c0
871	FASY abal  8 2	FASY abal 	8	2	2159		#c0c0c0
872	piab abal fasy  9 0	piab abal fasy 	9	0	20		#488c59
873	piab frex  11 0	piab frex 	11	0	23		#c0c0c0
874	piab fasy acps  10 1	piab fasy acps 	10	1	20		#c0c0c0
875	FREX lade  4 1	FREX lade 	4	1	24		#c0c0c0
876	lade frex bepe  1 0	lade frex bepe 	1	0	19		#c0c0c0
877	piab fasy frex  9 2	piab fasy frex 	9	2	422		#c0c0c0
878	ABAL fasy  7 1	ABAL fasy 	7	1	40		#c0c0c0
879	lade frex  10 1	lade frex 	10	1	165		#c0c0c0
880	PISY  8 1	PISY 	8	1	740		#c0c0c0
881	piab abal  10 1	piab abal 	10	1	48		#c0c0c0
882	FASY frex  10 1	FASY frex 	10	1	13		#c0c0c0
883	piab  10 0	piab 	10	0	49		#256d37
884	frex  2 0	frex 	2	0	58		#c0c0c0
885	FASY piab  9 0	FASY piab 	9	0	101		#629e31
886	frex  9 1	frex 	9	1	57		#c0c0c0
887	lade fasy frex  3 0	lade fasy frex 	3	0	14		#c0c0c0
888	pisy fasy  10 1	pisy fasy 	10	1	80		#a86e06
889	LADE frex  10 1	LADE frex 	10	1	76		#c0c0c0
890	piab frex  11 1	piab frex 	11	1	220		#c0c0c0
891	piab pisy  10 1	piab pisy 	10	1	94		#825a12
892	piab pisy fasy  10 1	piab pisy fasy 	10	1	109		#754d07
893	piab fasy frex  3 0	piab fasy frex 	3	0	37		#c0c0c0
894	PIAB lade  1 0	PIAB lade 	1	0	39		#687022
895	mix 7 0	mix	7	0	11		#c0c0c0
896	frex  6 0	frex 	6	0	19		#c0c0c0
897	piab fasy  12 1	piab fasy 	12	1	483		#43a55c
898	LADE piab  1 0	LADE piab 	1	0	23		#c0c0c0
899	FREX  9 1	FREX 	9	1	116		#c0c0c0
900	LADE piab  10 1	LADE piab 	10	1	476		#c0c0c0
901	fasy frex  8 2	fasy frex 	8	2	324		#c0c0c0
902	piab  3 0	piab 	3	0	192		#256d37
903	BEPE piab  3 0	BEPE piab 	3	0	35		#c0c0c0
904	FREX piab  5 0	FREX piab 	5	0	64		#c0c0c0
905	piab fasy acps  9 2	piab fasy acps 	9	2	109		#c0c0c0
906	abal lade fasy  10 2	abal lade fasy 	10	2	50		#c0c0c0
907	piab lade  11 1	piab lade 	11	1	440		#687022
908	PIAB bepe  9 1	PIAB bepe 	9	1	53		#c0c0c0
909	piab bepe  10 1	piab bepe 	10	1	188		#c0c0c0
910	piab fasy  3 0	piab fasy 	3	0	119		#43a55c
911	piab lade frex  5 0	piab lade frex 	5	0	31		#c0c0c0
912	piab acps  9 1	piab acps 	9	1	41		#c0c0c0
913	bepe  3 0	bepe 	3	0	23		#c0c0c0
914	PIAB frex  8 2	PIAB frex 	8	2	125		#c0c0c0
915	ABAL fasy  8 1	ABAL fasy 	8	1	35		#c0c0c0
916	piab  11 2	piab 	11	2	2413		#256d37
917	piab fasy frex  7 2	piab fasy frex 	7	2	94		#c0c0c0
918	frex  4 0	frex 	4	0	112		#c0c0c0
919	piab  4 0	piab 	4	0	214		#256d37
920	LADE piab  8 2	LADE piab 	8	2	179		#c0c0c0
921	FREX piab  5 1	FREX piab 	5	1	65		#c0c0c0
922	FREX piab  9 1	FREX piab 	9	1	134		#c0c0c0
923	FREX piab  4 1	FREX piab 	4	1	65		#c0c0c0
924	lade fasy bepe  9 1	lade fasy bepe 	9	1	28		#c0c0c0
925	piab lade fasy  2 0	piab lade fasy 	2	0	14		#9ead18
926	piab frex bepe  10 1	piab frex bepe 	10	1	27		#c0c0c0
927	piab acps  9 2	piab acps 	9	2	64		#c0c0c0
928	FREX lade  7 1	FREX lade 	7	1	17		#c0c0c0
929	piab frex  5 1	piab frex 	5	1	310		#c0c0c0
930	abal lade fasy  8 2	abal lade fasy 	8	2	429		#c0c0c0
931	piab lade frex  11 1	piab lade frex 	11	1	21		#c0c0c0
932	piab frex bepe  4 0	piab frex bepe 	4	0	6		#c0c0c0
933	SACA  1 0	SACA 	1	0	19		#c0c0c0
934	piab frex  4 1	piab frex 	4	1	149		#c0c0c0
935	frex  4 1	frex 	4	1	58		#c0c0c0
936	piab frex  3 1	piab frex 	3	1	19		#c0c0c0
937	FASY abal  9 2	FASY abal 	9	2	3869		#c0c0c0
938	piab abal  11 2	piab abal 	11	2	748		#c0c0c0
939	PIAB lade  2 0	PIAB lade 	2	0	19		#687022
940	piab lade frex  7 1	piab lade frex 	7	1	45		#c0c0c0
941	lade frex  5 1	lade frex 	5	1	29		#c0c0c0
942	piab  4 1	piab 	4	1	48		#256d37
943	FASY  11 1	FASY 	11	1	295		#ade268
944	piab fasy frex  4 1	piab fasy frex 	4	1	26		#c0c0c0
945	piab frex  9 2	piab frex 	9	2	309		#c0c0c0
946	ABAL  8 1	ABAL 	8	1	60		#c0c0c0
947	FASY piab  11 2	FASY piab 	11	2	107458		#629e31
948	PISY lade  7 1	PISY lade 	7	1	30		#c0c0c0
949	piab lade frex  5 1	piab lade frex 	5	1	24		#c0c0c0
950	FASY pisy  6 1	FASY pisy 	6	1	19		#c0c0c0
951	piab frex  10 2	piab frex 	10	2	491		#c0c0c0
952	LADE bepe  8 1	LADE bepe 	8	1	18		#c0c0c0
953	fasy  3 0	fasy 	3	0	44		#b4d884
954	fasy frex  10 2	fasy frex 	10	2	69		#c0c0c0
955	LADE piab  4 0	LADE piab 	4	0	21		#c0c0c0
956	piab  5 1	piab 	5	1	143		#256d37
957	piab bepe  4 1	piab bepe 	4	1	22		#c0c0c0
958	FASY abal  9 1	FASY abal 	9	1	150		#c0c0c0
959	fasy frex  4 1	fasy frex 	4	1	97		#c0c0c0
960	piab fasy frex  11 2	piab fasy frex 	11	2	56		#c0c0c0
961	PIAB lade  3 0	PIAB lade 	3	0	21		#687022
962	PIAB lade  11 1	PIAB lade 	11	1	70		#687022
963	piab lade frex  6 1	piab lade frex 	6	1	18		#c0c0c0
964	PIAB lade  5 0	PIAB lade 	5	0	25		#687022
965	PIAB frex  9 2	PIAB frex 	9	2	159		#c0c0c0
966	fasy  11 2	fasy 	11	2	1277		#b4d884
967	piab lade fasy  4 0	piab lade fasy 	4	0	16		#9ead18
968	lade fasy frex  9 2	lade fasy frex 	9	2	130		#c0c0c0
969	piab frex  11 2	piab frex 	11	2	279		#c0c0c0
970	piab frex alin  6 1	piab frex alin 	6	1	15		#c0c0c0
971	frex  5 1	frex 	5	1	62		#c0c0c0
972	fasy frex  9 2	fasy frex 	9	2	426		#c0c0c0
973	piab fasy frex  10 2	piab fasy frex 	10	2	188		#c0c0c0
974	piab lade frex  9 2	piab lade frex 	9	2	95		#c0c0c0
975	PIAB bepe  10 1	PIAB bepe 	10	1	29		#c0c0c0
976	ACPS  7 2	ACPS 	7	2	19		#c0c0c0
977	pisy  9 1	pisy 	9	1	133		#c0c0c0
978	lade pisy fasy  8 2	lade pisy fasy 	8	2	87		#c0c0c0
979	piab lade bepe  10 1	piab lade bepe 	10	1	32		#c0c0c0
980	PIAB lade  11 2	PIAB lade 	11	2	1531		#687022
981	frex  6 1	frex 	6	1	40		#c0c0c0
982	piab  12 2	piab 	12	2	819		#256d37
983	LADE piab  9 2	LADE piab 	9	2	196		#c0c0c0
984	pisy  8 2	pisy 	8	2	396		#c0c0c0
985	piab frex  6 2	piab frex 	6	2	139		#c0c0c0
986	PISY fasy  7 2	PISY fasy 	7	2	22		#c0c0c0
987	PIAB fasy  3 0	PIAB fasy 	3	0	21		#308245
988	piab lade fasy  11 2	piab lade fasy 	11	2	965		#9ead18
989	abal fasy  11 1	abal fasy 	11	1	34		darkgrey
990	PIAB lade  4 0	PIAB lade 	4	0	17		#687022
991	piab frex  5 2	piab frex 	5	2	42		#c0c0c0
992	PISY  4 2	PISY 	4	2	22		#c0c0c0
993	PIAB frex  11 2	PIAB frex 	11	2	193		#c0c0c0
994	piab lade frex  11 2	piab lade frex 	11	2	45		#c0c0c0
995	piab fasy frex  6 2	piab fasy frex 	6	2	55		#c0c0c0
996	piab lade fasy frex  9 2	piab lade fasy frex 	9	2	25		#c0c0c0
997	FASY frex  8 2	FASY frex 	8	2	44		#c0c0c0
998	pisy fasy  10 2	pisy fasy 	10	2	276		#a86e06
999	piab lade  11 2	piab lade 	11	2	2878		#687022
1000	fasy  5 2	fasy 	5	2	81		#b4d884
1001	FASY pisy  9 1	FASY pisy 	9	1	28		#c0c0c0
1002	lade fasy frex  8 2	lade fasy frex 	8	2	86		#c0c0c0
1003	piab fasy bepe  10 1	piab fasy bepe 	10	1	22		#c0c0c0
1004	PIAB acps  8 1	PIAB acps 	8	1	23		#c0c0c0
1005	piab bepe  9 2	piab bepe 	9	2	22		#c0c0c0
1006	FREX  10 1	FREX 	10	1	24		#c0c0c0
1007	lade frex  9 2	lade frex 	9	2	117		#c0c0c0
1008	PIAB bepe  10 2	PIAB bepe 	10	2	22		#c0c0c0
1009	lade fasy frex  10 2	lade fasy frex 	10	2	44		#c0c0c0
1010	PIAB frex  6 2	PIAB frex 	6	2	33		#c0c0c0
1011	piab pisy fasy  10 2	piab pisy fasy 	10	2	2166		#754d07
1012	lade frex  7 2	lade frex 	7	2	27		#c0c0c0
1013	piab lade frex  8 2	piab lade frex 	8	2	26		#c0c0c0
1014	acps  8 1	acps 	8	1	16		#c0c0c0
1015	FASY  11 2	FASY 	11	2	121796		#ade268
1016	fasy  4 2	fasy 	4	2	18		#b4d884
1017	FASY pisy  8 2	FASY pisy 	8	2	579		#c0c0c0
1018	FASY piab  11 1	FASY piab 	11	1	241		#629e31
1019	PISY piab  8 2	PISY piab 	8	2	86		#c0c0c0
1020	piab abal fasy  11 2	piab abal fasy 	11	2	2369		#488c59
1021	LADE  8 2	LADE 	8	2	268		yellow
1022	lade  8 2	lade 	8	2	136		#c0c0c0
1023	piab lade frex  10 2	piab lade frex 	10	2	148		#c0c0c0
1024	piab fasy  12 2	piab fasy 	12	2	84637		#43a55c
1025	fasy acps  10 2	fasy acps 	10	2	104		#c0c0c0
1026	PISY piab  9 2	PISY piab 	9	2	53		#c0c0c0
1027	FREX piab  10 1	FREX piab 	10	1	65		#c0c0c0
1028	piab bepe  11 1	piab bepe 	11	1	16		#c0c0c0
1029	PIAB  12 2	PIAB 	12	2	202267		#256d37
1030	FREX piab  6 0	FREX piab 	6	0	52		#c0c0c0
1031	PISY  8 2	PISY 	8	2	300		#c0c0c0
1032	LADE  10 2	LADE 	10	2	149		yellow
1033	lade frex  8 2	lade frex 	8	2	76		#c0c0c0
1034	PIAB abal  9 1	PIAB abal 	9	1	56		#c0c0c0
1035	PISY piab  9 1	PISY piab 	9	1	36		#c0c0c0
1036	FASY pisy  9 2	FASY pisy 	9	2	486		#c0c0c0
1037	lade  9 2	lade 	9	2	222		#c0c0c0
1038	piab acps  10 2	piab acps 	10	2	39		#c0c0c0
1039	LADE piab  10 2	LADE piab 	10	2	247		#c0c0c0
1040	lade frex  10 2	lade frex 	10	2	63		#c0c0c0
1041	FASY acps  10 2	FASY acps 	10	2	19		#c0c0c0
1042	PIAB frex  6 0	PIAB frex 	6	0	47		#c0c0c0
1043	FREX fasy  4 1	FREX fasy 	4	1	27		#c0c0c0
1044	piab abal lade fasy  9 2	piab abal lade fasy 	9	2	52		#c0c0c0
1045	piab lade  12 2	piab lade 	12	2	159		#687022
1046	PISY  9 1	PISY 	9	1	114		#c0c0c0
1047	pisy  9 2	pisy 	9	2	191		#c0c0c0
1048	piab abal lade  10 2	piab abal lade 	10	2	52		#c0c0c0
1049	fasy frex  5 2	fasy frex 	5	2	82		#c0c0c0
1050	FASY frex  9 2	FASY frex 	9	2	37		#c0c0c0
1051	lade  10 2	lade 	10	2	145		#c0c0c0
1052	FREX piab  6 1	FREX piab 	6	1	35		#c0c0c0
1053	LADE piab  11 1	LADE piab 	11	1	24		#c0c0c0
1054	FASY abal  10 2	FASY abal 	10	2	2523		#c0c0c0
1055	piab lade fasy frex  10 2	piab lade fasy frex 	10	2	44		#c0c0c0
1056	FASY  11 0	FASY 	11	0	34		#ade268
1057	lade  11 2	lade 	11	2	20		#c0c0c0
1058	abal frex  9 1	abal frex 	9	1	13		#c0c0c0
1059	fasy frex  7 2	fasy frex 	7	2	68		#c0c0c0
1060	FREX  4 2	FREX 	4	2	9		#c0c0c0
1061	frex  9 2	frex 	9	2	19		#c0c0c0
1062	PIAB fasy  12 2	PIAB fasy 	12	2	54974		#308245
1063	LADE  9 2	LADE 	9	2	241		yellow
1064	PIAB acps  10 2	PIAB acps 	10	2	26		#c0c0c0
1065	fasy frex  4 2	fasy frex 	4	2	58		#c0c0c0
1066	PIAB  12 1	PIAB 	12	1	4483		#256d37
1067	ABAL fasy  8 2	ABAL fasy 	8	2	30		#c0c0c0
1068	PIAB lade  12 2	PIAB lade 	12	2	143		#687022
1069	PIAB abal  11 2	PIAB abal 	11	2	401		#c0c0c0
1070	FASY  12 2	FASY 	12	2	10747		#ade268
1071	PISY  9 2	PISY 	9	2	78		#c0c0c0
1072	abal fasy  11 2	abal fasy 	11	2	979		darkgrey
1073	lade fasy  11 2	lade fasy 	11	2	70		#ada845
1074	lade pisy fasy  9 2	lade pisy fasy 	9	2	46		#c0c0c0
1075	FASY frex  5 2	FASY frex 	5	2	23		#c0c0c0
1076	lade pisy  9 2	lade pisy 	9	2	168		#c0c0c0
1077	PISY fasy  8 2	PISY fasy 	8	2	48		#c0c0c0
1078	abal  10 2	abal 	10	2	22		#c0c0c0
1079	lade  7 2	lade 	7	2	34		#c0c0c0
1080	FASY  4 2	FASY 	4	2	2450		#ade268
1081	piab fasy acps  10 2	piab fasy acps 	10	2	64		#c0c0c0
1082	piab lade fasy  12 2	piab lade fasy 	12	2	52		#9ead18
1083	PIAB pisy  10 2	PIAB pisy 	10	2	899		#c0c0c0
1084	FASY frex  6 2	FASY frex 	6	2	17		#c0c0c0
1085	LADE piab  11 2	LADE piab 	11	2	36		#c0c0c0
1086	piab abal  12 2	piab abal 	12	2	203		#c0c0c0
1087	piab lade pisy fasy  8 2	piab lade pisy fasy 	8	2	35		#c0c0c0
1088	FASY pisy  10 2	FASY pisy 	10	2	26		#c0c0c0
1089	fasy frex  6 2	fasy frex 	6	2	65		#c0c0c0
1090	FASY abal  11 2	FASY abal 	11	2	798		#c0c0c0
1091	PIAB  13 2	PIAB 	13	2	29189		#256d37
1092	PIAB  13 1	PIAB 	13	1	505		#256d37
1093	piab pisy  11 2	piab pisy 	11	2	130		#825a12
1094	piab pisy fasy  11 2	piab pisy fasy 	11	2	41		#754d07
1095	PIAB pisy  11 2	PIAB pisy 	11	2	69		#c0c0c0
1096	PIAB fasy  12 1	PIAB fasy 	12	1	341		#308245
1097	FASY pisy  7 2	FASY pisy 	7	2	53		#c0c0c0
1098	piab abal fasy  12 2	piab abal fasy 	12	2	727		#488c59
1099	PIAB abal  12 2	PIAB abal 	12	2	80		#c0c0c0
1100	PIAB fasy  13 2	PIAB fasy 	13	2	6865		#308245
1101	piab abal fasy  11 1	piab abal fasy 	11	1	26		#488c59
1102	FASY piab  12 2	FASY piab 	12	2	15064		#629e31
1103	piab fasy  13 1	piab fasy 	13	1	73		#43a55c
1104	piab fasy  13 2	piab fasy 	13	2	6973		#43a55c
1105	FASY qupe  5 1	FASY qupe 	5	1	18		#c0c0c0
1106	FASY qupe  5 2	FASY qupe 	5	2	42		#c0c0c0
1107	fasy  12 2	fasy 	12	2	202		#b4d884
1108	FASY abal  10 1	FASY abal 	10	1	53		#c0c0c0
1109	FASY qupe  6 2	FASY qupe 	6	2	141		#c0c0c0
1110	PIAB  12 0	PIAB 	12	0	29		#256d37
1111	FASY abal  11 1	FASY abal 	11	1	22		#c0c0c0
1112	FASY piab  4 2	FASY piab 	4	2	782		#629e31
1113	FASY piab  13 2	FASY piab 	13	2	609		#629e31
1114	piab abal fasy  12 1	piab abal fasy 	12	1	41		#488c59
1115	FASY  13 2	FASY 	13	2	157		#ade268
1116	PIAB fasy  13 1	PIAB fasy 	13	1	41		#308245
1117	FASY  12 1	FASY 	12	1	39		#ade268
1118	FASY piab  12 1	FASY piab 	12	1	35		#629e31
1119	abal fasy  12 2	abal fasy 	12	2	150		darkgrey
1120	FASY qupe  8 1	FASY qupe 	8	1	97		#c0c0c0
1121	FASY qupe  8 2	FASY qupe 	8	2	4117		#c0c0c0
1122	fasy qupe  8 1	fasy qupe 	8	1	405		#c0c0c0
1123	fasy qupe  8 2	fasy qupe 	8	2	7975		#c0c0c0
1124	FASY qupe  9 2	FASY qupe 	9	2	7196		#c0c0c0
1125	FASY qupe  9 1	FASY qupe 	9	1	109		#c0c0c0
1126	FASY qupe  7 1	FASY qupe 	7	1	60		#c0c0c0
1127	fasy qupe  7 1	fasy qupe 	7	1	205		#c0c0c0
1128	piab abal  12 1	piab abal 	12	1	24		#c0c0c0
1129	piab  13 2	piab 	13	2	142		#256d37
1130	FASY abal  12 2	FASY abal 	12	2	112		#c0c0c0
1131	PISY  3 2	PISY 	3	2	21		#c0c0c0
1132	piab abal lade fasy  7 2	piab abal lade fasy 	7	2	20		#c0c0c0
1133	FREX piab  9 0	FREX piab 	9	0	14		#c0c0c0
1134	fasy  2 0	fasy 	2	0	27		#b4d884
1135	lade  2 0	lade 	2	0	43		#c0c0c0
1136	lade  3 0	lade 	3	0	27		#c0c0c0
1137	lade  4 0	lade 	4	0	15		#c0c0c0
1138	ACPS fasy  7 2	ACPS fasy 	7	2	17		#c0c0c0
1139	piab bepe  10 2	piab bepe 	10	2	23		#c0c0c0
1140	FASY acps  9 2	FASY acps 	9	2	27		#c0c0c0
1141	FASY abal  5 2	FASY abal 	5	2	21		#c0c0c0
1142	PIAB pisy  10 1	PIAB pisy 	10	1	20		#c0c0c0
1143	PIAB abal  10 1	PIAB abal 	10	1	23		#c0c0c0
1144	PIAB  14 2	PIAB 	14	2	296		#256d37
1145	ABAL fasy  9 2	ABAL fasy 	9	2	24		#c0c0c0
1146	FASY qupe  7 2	FASY qupe 	7	2	598		#c0c0c0
1147	bepe  8 1	bepe 	8	1	15		#c0c0c0
1148	FASY  3 2	FASY 	3	2	116		#ade268
1149	fasy qupe  5 1	fasy qupe 	5	1	27		#c0c0c0
1150	piab lade pisy fasy  9 2	piab lade pisy fasy 	9	2	30		#c0c0c0
1151	FREX piab  11 1	FREX piab 	11	1	18		#c0c0c0
1152	PISY fasy  9 2	PISY fasy 	9	2	20		#c0c0c0
1153	fasy qupe  9 2	fasy qupe 	9	2	24455		#c0c0c0
1154	fasy qupe  5 2	fasy qupe 	5	2	52		#c0c0c0
1155	fasy qupe  7 2	fasy qupe 	7	2	1051		#c0c0c0
1156	fasy qupe  10 2	fasy qupe 	10	2	10220		#c0c0c0
1157	FASY qupe  6 1	FASY qupe 	6	1	38		#c0c0c0
1158	FASY piab  3 1	FASY piab 	3	1	25		#629e31
1159	fasy qupe  6 2	fasy qupe 	6	2	160		#c0c0c0
1160	fasy qupe  6 1	fasy qupe 	6	1	64		#c0c0c0
1161	FASY qupe  10 2	FASY qupe 	10	2	1400		#c0c0c0
1162	fasy qupe  9 1	fasy qupe 	9	1	498		#c0c0c0
1163	piab abal fasy  13 2	piab abal fasy 	13	2	89		#488c59
1164	FASY quro  9 2	FASY quro 	9	2	60		#c0c0c0
1165	piab fasy pini  6 1	piab fasy pini 	6	1	188		#c0c0c0
1166	piab fasy pini  6 2	piab fasy pini 	6	2	194		#c0c0c0
1167	piab fasy qupe  9 2	piab fasy qupe 	9	2	20375		#c0c0c0
1168	FASY quro  8 1	FASY quro 	8	1	14		#c0c0c0
1169	FASY quro  8 2	FASY quro 	8	2	73		#c0c0c0
1170	piab fasy qupe  10 2	piab fasy qupe 	10	2	24711		#c0c0c0
1171	PIAB fasy  14 2	PIAB fasy 	14	2	36		#308245
1172	piab fasy  14 2	piab fasy 	14	2	29		#43a55c
1173	fasy pini  6 1	fasy pini 	6	1	129		#c0c0c0
1174	fasy pini  6 2	fasy pini 	6	2	392		#c0c0c0
1175	FASY pini  6 2	FASY pini 	6	2	340		#c0c0c0
1176	FASY pini  5 2	FASY pini 	5	2	30		#c0c0c0
1177	piab fasy qupe  7 1	piab fasy qupe 	7	1	99		#c0c0c0
1178	piab fasy qupe  7 2	piab fasy qupe 	7	2	241		#c0c0c0
1179	piab qupe  9 1	piab qupe 	9	1	1316		#933910
1180	piab fasy  3 1	piab fasy 	3	1	138		#43a55c
1181	piab fasy qupe  8 2	piab fasy qupe 	8	2	4910		#c0c0c0
1182	piab fasy qupe  11 1	piab fasy qupe 	11	1	82		#c0c0c0
1183	FASY pini  7 2	FASY pini 	7	2	197		#c0c0c0
1184	piab fasy qupe  11 2	piab fasy qupe 	11	2	6934		#c0c0c0
1185	fasy pini  7 2	fasy pini 	7	2	1070		#c0c0c0
1186	fasy quro  9 2	fasy quro 	9	2	117		#c0c0c0
1187	piab fasy quro  10 1	piab fasy quro 	10	1	22		#c0c0c0
1188	FASY qupe  11 2	FASY qupe 	11	2	30		#c0c0c0
1189	piab fasy qupe  10 1	piab fasy qupe 	10	1	245		#c0c0c0
1190	FASY pini  6 1	FASY pini 	6	1	29		#c0c0c0
1191	abal fasy qupe  8 2	abal fasy qupe 	8	2	15		#c0c0c0
1192	fasy qupe  11 2	fasy qupe 	11	2	1101		#c0c0c0
1193	piab fasy pini  5 1	piab fasy pini 	5	1	60		#c0c0c0
1194	piab qupe  10 1	piab qupe 	10	1	627		#933910
1195	fasy pini  5 1	fasy pini 	5	1	81		#c0c0c0
1196	fasy qupe  10 1	fasy qupe 	10	1	253		#c0c0c0
1197	piab qupe  5 1	piab qupe 	5	1	23		#933910
1198	piab qupe  6 1	piab qupe 	6	1	42		#933910
1199	piab qupe  10 2	piab qupe 	10	2	49474		#933910
1200	piab fasy pini  5 2	piab fasy pini 	5	2	43		#c0c0c0
1201	piab qupe  7 1	piab qupe 	7	1	334		#933910
1202	fasy qupe  11 1	fasy qupe 	11	1	43		#c0c0c0
1203	piab qupe  7 2	piab qupe 	7	2	800		#933910
1204	piab qupe  8 2	piab qupe 	8	2	11411		#933910
1205	fasy pini  5 2	fasy pini 	5	2	146		#c0c0c0
1206	piab fasy qupe  6 1	piab fasy qupe 	6	1	18		#c0c0c0
1207	piab qupe  9 2	piab qupe 	9	2	38801		#933910
1208	QUPE piab  10 2	QUPE piab 	10	2	7069		#c0c0c0
1209	piab fasy qupe  8 1	piab fasy qupe 	8	1	470		#c0c0c0
1210	piab qupe  11 1	piab qupe 	11	1	220		#933910
1211	fasy quro  8 1	fasy quro 	8	1	23		#c0c0c0
1212	QUPE fasy  8 2	QUPE fasy 	8	2	56		#c0c0c0
1213	piab fasy qupe  9 1	piab fasy qupe 	9	1	531		#c0c0c0
1214	piab qupe  11 2	piab qupe 	11	2	24449		#933910
1215	PIAB qupe  11 1	PIAB qupe 	11	1	50		#c0c0c0
1216	PIAB qupe  11 2	PIAB qupe 	11	2	5431		#c0c0c0
1217	fasy quro  9 1	fasy quro 	9	1	40		#c0c0c0
1218	piab fasy quro  12 2	piab fasy quro 	12	2	28		#c0c0c0
1219	fasy quro  6 2	fasy quro 	6	2	17		#c0c0c0
1220	QUPE  8 1	QUPE 	8	1	234		#c0c0c0
1221	PIAB qupe  10 1	PIAB qupe 	10	1	184		#c0c0c0
1222	piab qupe  8 1	piab qupe 	8	1	1108		#933910
1223	piab fasy qupe  12 2	piab fasy qupe 	12	2	1267		#c0c0c0
1224	piab quro  9 2	piab quro 	9	2	40		#c0c0c0
1225	piab fasy pini  7 1	piab fasy pini 	7	1	387		#c0c0c0
1226	QUPE  8 2	QUPE 	8	2	3870		#c0c0c0
1227	piab fasy pini  7 2	piab fasy pini 	7	2	1210		#c0c0c0
1228	QUPE  9 1	QUPE 	9	1	192		#c0c0c0
1229	piab fasy pini  8 1	piab fasy pini 	8	1	350		#c0c0c0
1230	fasy quro qupe  9 2	fasy quro qupe 	9	2	34		#c0c0c0
1231	fasy qupe pini  7 2	fasy qupe pini 	7	2	82		#c0c0c0
1232	QUPE  9 2	QUPE 	9	2	9425		#c0c0c0
1233	qupe  9 1	qupe 	9	1	28		#c0c0c0
1234	quro qupe  9 2	quro qupe 	9	2	67		#c0c0c0
1235	quro qupe  8 2	quro qupe 	8	2	148		#c0c0c0
1236	fasy quro qupe  8 2	fasy quro qupe 	8	2	36		#c0c0c0
1237	FASY qupe  10 1	FASY qupe 	10	1	47		#c0c0c0
1238	piab qupe  12 2	piab qupe 	12	2	6735		#933910
1239	QUPE  11 1	QUPE 	11	1	42		#c0c0c0
1240	QUPE  10 1	QUPE 	10	1	161		#c0c0c0
1241	QUPE  10 2	QUPE 	10	2	9449		#c0c0c0
1242	PIAB qupe  10 2	PIAB qupe 	10	2	3510		#c0c0c0
1243	qupe  9 2	qupe 	9	2	2024		#c0c0c0
1244	FASY pini  8 2	FASY pini 	8	2	219		#c0c0c0
1245	fasy pini  8 1	fasy pini 	8	1	109		#c0c0c0
1246	QUPE  6 1	QUPE 	6	1	83		#c0c0c0
1247	piab fasy quro  9 2	piab fasy quro 	9	2	53		#c0c0c0
1248	piab quro qupe  9 2	piab quro qupe 	9	2	110		#c0c0c0
1249	QUPE fasy  9 2	QUPE fasy 	9	2	133		#c0c0c0
1250	fasy quro  8 2	fasy quro 	8	2	42		#c0c0c0
1251	fasy pini  8 2	fasy pini 	8	2	1975		#c0c0c0
1252	fasy pini  9 1	fasy pini 	9	1	131		#c0c0c0
1253	fasy pini  9 2	fasy pini 	9	2	778		#c0c0c0
1254	piab fasy pini  9 2	piab fasy pini 	9	2	1090		#c0c0c0
1255	piab quro qupe  9 1	piab quro qupe 	9	1	25		#c0c0c0
1256	fasy pini  7 1	fasy pini 	7	1	113		#c0c0c0
1257	piab quro qupe  8 1	piab quro qupe 	8	1	31		#c0c0c0
1258	piab quro qupe  8 2	piab quro qupe 	8	2	73		#c0c0c0
1259	quro qupe  8 1	quro qupe 	8	1	29		#c0c0c0
1260	piab fasy quro qupe  10 2	piab fasy quro qupe 	10	2	33		#c0c0c0
1261	piab quro qupe  10 2	piab quro qupe 	10	2	120		#c0c0c0
1262	fasy quro qupe  7 2	fasy quro qupe 	7	2	20		#c0c0c0
1263	QUPE fasy  7 2	QUPE fasy 	7	2	58		#c0c0c0
1264	piab fasy quro  10 2	piab fasy quro 	10	2	67		#c0c0c0
1265	PINI fasy  6 2	PINI fasy 	6	2	91		#c0c0c0
1266	QUPE  5 2	QUPE 	5	2	23		#c0c0c0
1267	FASY pini  5 1	FASY pini 	5	1	23		#c0c0c0
1268	QUPE piab  7 1	QUPE piab 	7	1	27		#c0c0c0
1269	QUPE piab  7 2	QUPE piab 	7	2	117		#c0c0c0
1270	QUPE piab  8 2	QUPE piab 	8	2	1394		#c0c0c0
1271	FASY quro  9 1	FASY quro 	9	1	15		#c0c0c0
1272	QUPE  7 2	QUPE 	7	2	527		#c0c0c0
1273	QUPE  7 1	QUPE 	7	1	129		#c0c0c0
1274	PIAB qupe  8 1	PIAB qupe 	8	1	123		#c0c0c0
1275	PIAB qupe  9 1	PIAB qupe 	9	1	280		#c0c0c0
1276	PIAB qupe  9 2	PIAB qupe 	9	2	1478		#c0c0c0
1277	FASY quro  7 2	FASY quro 	7	2	25		#c0c0c0
1278	abal fasy qupe  9 2	abal fasy qupe 	9	2	32		#c0c0c0
1279	FASY quro  10 2	FASY quro 	10	2	18		#c0c0c0
1280	fasy pini  10 2	fasy pini 	10	2	30		#c0c0c0
1281	quro qupe  6 1	quro qupe 	6	1	20		#c0c0c0
1282	QUPE quro  7 2	QUPE quro 	7	2	25		#c0c0c0
1283	fasy quro  10 2	fasy quro 	10	2	99		#c0c0c0
1284	piab fasy quro  9 1	piab fasy quro 	9	1	17		#c0c0c0
1285	piab fasy quro  8 2	piab fasy quro 	8	2	15		#c0c0c0
1286	piab quro qupe  10 1	piab quro qupe 	10	1	15		#c0c0c0
1287	fasy quro  10 1	fasy quro 	10	1	15		#c0c0c0
1288	QUPE  6 2	QUPE 	6	2	186		#c0c0c0
1289	qupe  6 2	qupe 	6	2	28		#c0c0c0
1290	piab fasy pini  9 1	piab fasy pini 	9	1	242		#c0c0c0
1291	qupe  7 2	qupe 	7	2	181		#c0c0c0
1292	quro qupe  10 2	quro qupe 	10	2	83		#c0c0c0
1293	QUPE pini  7 2	QUPE pini 	7	2	24		#c0c0c0
1294	piab quro  8 2	piab quro 	8	2	26		#c0c0c0
1295	qupe pini  7 2	qupe pini 	7	2	439		#c0c0c0
1296	qupe pini  6 2	qupe pini 	6	2	159		#c0c0c0
1297	piab quro  8 1	piab quro 	8	1	30		#c0c0c0
1298	qupe  10 2	qupe 	10	2	940		#c0c0c0
1299	qupe  8 2	qupe 	8	2	1319		#c0c0c0
1300	quro qupe  6 2	quro qupe 	6	2	60		#c0c0c0
1301	piab fasy quro  11 2	piab fasy quro 	11	2	41		#c0c0c0
1302	fasy qupe  12 2	fasy qupe 	12	2	147		#c0c0c0
1303	piab quro  10 2	piab quro 	10	2	135		#c0c0c0
1304	quro qupe  11 2	quro qupe 	11	2	160		#c0c0c0
1305	piab fasy qupe  12 1	piab fasy qupe 	12	1	26		#c0c0c0
1306	piab quro qupe  11 2	piab quro qupe 	11	2	206		#c0c0c0
1307	fasy quro qupe  11 2	fasy quro qupe 	11	2	21		#c0c0c0
1308	QURO  10 2	QURO 	10	2	19		#c0c0c0
1309	piab qupe  12 1	piab qupe 	12	1	86		#933910
1310	piab quro qupe  12 2	piab quro qupe 	12	2	123		#c0c0c0
1311	fasy qupe  13 2	fasy qupe 	13	2	46		#c0c0c0
1312	PIAB qupe  12 2	PIAB qupe 	12	2	3336		#c0c0c0
1313	QUPE quro  9 2	QUPE quro 	9	2	38		#c0c0c0
1314	piab qupe  13 2	piab qupe 	13	2	773		#933910
1315	PIAB qupe  13 2	PIAB qupe 	13	2	604		#c0c0c0
1316	piab quro  12 2	piab quro 	12	2	48		#c0c0c0
1317	QUPE quro  10 2	QUPE quro 	10	2	121		#c0c0c0
1318	piab fasy qupe  13 2	piab fasy qupe 	13	2	58		#c0c0c0
1319	quro qupe  7 2	quro qupe 	7	2	91		#c0c0c0
1320	QUPE piab  11 2	QUPE piab 	11	2	2524		#c0c0c0
1321	piab pini  8 1	piab pini 	8	1	324		#c0c0c0
1322	qupe  11 2	qupe 	11	2	235		#c0c0c0
1323	quro qupe  7 1	quro qupe 	7	1	15		#c0c0c0
1324	piab pini  8 2	piab pini 	8	2	5031		#c0c0c0
1325	piab quro  11 2	piab quro 	11	2	102		#c0c0c0
1326	piab quro qupe  13 2	piab quro qupe 	13	2	28		#c0c0c0
1327	qupe  13 2	qupe 	13	2	19		#c0c0c0
1328	qupe  12 2	qupe 	12	2	48		#c0c0c0
1329	fasy quro qupe  10 2	fasy quro qupe 	10	2	39		#c0c0c0
1330	QUPE  12 2	QUPE 	12	2	630		#c0c0c0
1331	QUPE  11 2	QUPE 	11	2	3783		#c0c0c0
1332	qupe pini  8 2	qupe pini 	8	2	1135		#c0c0c0
1333	QUPE piab  8 1	QUPE piab 	8	1	71		#c0c0c0
1334	QUPE  13 2	QUPE 	13	2	46		#c0c0c0
1335	piab qupe pini  6 2	piab qupe pini 	6	2	57		#c0c0c0
1336	QUPE piab  9 2	QUPE piab 	9	2	7119		#c0c0c0
1337	QUPE piab  9 1	QUPE piab 	9	1	74		#c0c0c0
1338	QUPE piab  12 2	QUPE piab 	12	2	494		#c0c0c0
1339	QUPE quro  11 2	QUPE quro 	11	2	30		#c0c0c0
1340	piab qupe  6 2	piab qupe 	6	2	47		#933910
1341	QUPE fasy  10 2	QUPE fasy 	10	2	84		#c0c0c0
1342	QUPE  5 1	QUPE 	5	1	31		#c0c0c0
1343	piab pini  9 1	piab pini 	9	1	176		#c0c0c0
1344	piab qupe pini  7 2	piab qupe pini 	7	2	1461		#c0c0c0
1345	piab qupe pini  8 2	piab qupe pini 	8	2	5252		#c0c0c0
1346	piab pini  9 2	piab pini 	9	2	2120		#c0c0c0
1347	QUPE piab  6 2	QUPE piab 	6	2	36		#c0c0c0
1348	PIAB pini  9 2	PIAB pini 	9	2	511		#c0c0c0
1349	QUPE piab  13 2	QUPE piab 	13	2	47		#c0c0c0
1350	PIAB qupe  8 2	PIAB qupe 	8	2	201		#c0c0c0
1351	piab fasy qupe pini  10 2	piab fasy qupe pini 	10	2	19		#c0c0c0
1352	qupe  8 1	qupe 	8	1	29		#c0c0c0
1353	piab qupe pini  10 2	piab qupe pini 	10	2	177		#c0c0c0
1354	QUPE piab  10 1	QUPE piab 	10	1	42		#c0c0c0
1355	PIAB qupe  14 2	PIAB qupe 	14	2	17		#c0c0c0
1356	QUPE quro  8 2	QUPE quro 	8	2	27		#c0c0c0
1357	PIAB qupe  7 1	PIAB qupe 	7	1	59		#c0c0c0
1358	piab quro qupe  7 2	piab quro qupe 	7	2	23		#c0c0c0
1359	piab quro  9 1	piab quro 	9	1	25		#c0c0c0
1360	piab quro  7 1	piab quro 	7	1	9		#c0c0c0
1361	piab fasy pini  10 2	piab fasy pini 	10	2	114		#c0c0c0
1362	piab pini  10 2	piab pini 	10	2	299		#c0c0c0
1363	QUPE piab  11 1	QUPE piab 	11	1	24		#c0c0c0
1364	piab qupe pini  9 2	piab qupe pini 	9	2	3121		#c0c0c0
1365	piab qupe pini  9 1	piab qupe pini 	9	1	44		#c0c0c0
1366	abal fasy qupe  10 2	abal fasy qupe 	10	2	24		#c0c0c0
1367	abal qupe  10 2	abal qupe 	10	2	26		#c0c0c0
1368	abal qupe  12 2	abal qupe 	12	2	20		#c0c0c0
1369	piab quro  10 1	piab quro 	10	1	26		#c0c0c0
1370	fasy qupe pini  10 2	fasy qupe pini 	10	2	29		#c0c0c0
1371	piab fasy pini  8 2	piab fasy pini 	8	2	2691		#c0c0c0
1372	fasy quro qupe  10 1	fasy quro qupe 	10	1	19		#c0c0c0
1373	piab fasy pini  10 1	piab fasy pini 	10	1	24		#c0c0c0
1374	PINI piab  6 2	PINI piab 	6	2	94		#c0c0c0
1375	PINI piab  7 2	PINI piab 	7	2	185		#c0c0c0
1376	piab pini  7 2	piab pini 	7	2	1822		#c0c0c0
1377	PIAB  14 1	PIAB 	14	1	18		#256d37
1378	PINI  6 2	PINI 	6	2	212		#c0c0c0
1379	PIAB quro  11 2	PIAB quro 	11	2	32		#c0c0c0
1380	piab pini  6 2	piab pini 	6	2	329		#c0c0c0
1381	qupe pini  9 2	qupe pini 	9	2	516		#c0c0c0
1382	fasy quro pini  8 2	fasy quro pini 	8	2	14		#c0c0c0
1383	FASY pini  9 2	FASY pini 	9	2	43		#c0c0c0
1384	PIAB pini  8 1	PIAB pini 	8	1	20		#c0c0c0
1385	quro qupe pini  6 2	quro qupe pini 	6	2	21		#c0c0c0
1386	PIAB pini  8 2	PIAB pini 	8	2	308		#c0c0c0
1387	piab pini  7 1	piab pini 	7	1	264		#c0c0c0
1388	fasy qupe pini  8 2	fasy qupe pini 	8	2	418		#c0c0c0
1389	PINI qupe  6 2	PINI qupe 	6	2	17		#c0c0c0
1390	piab qupe pini  8 1	piab qupe pini 	8	1	154		#c0c0c0
1391	piab fasy qupe pini  8 2	piab fasy qupe pini 	8	2	174		#c0c0c0
1392	qupe pini  10 2	qupe pini 	10	2	35		#c0c0c0
1393	fasy qupe pini  9 2	fasy qupe pini 	9	2	302		#c0c0c0
1394	piab fasy qupe pini  9 2	piab fasy qupe pini 	9	2	167		#c0c0c0
1395	piab fasy qupe pini  7 2	piab fasy qupe pini 	7	2	32		#c0c0c0
1396	quro qupe  5 1	quro qupe 	5	1	11		#c0c0c0
1397	QUPE pini  8 2	QUPE pini 	8	2	85		#c0c0c0
1398	piab pini  10 1	piab pini 	10	1	30		#c0c0c0
1399	qupe pini  5 2	qupe pini 	5	2	22		#c0c0c0
1400	pini  6 2	pini 	6	2	32		#c0c0c0
1401	pini  8 2	pini 	8	2	54		#c0c0c0
1402	PINI  9 2	PINI 	9	2	19		#c0c0c0
1403	piab qupe pini  7 1	piab qupe pini 	7	1	127		#c0c0c0
1404	PINI  8 2	PINI 	8	2	117		#c0c0c0
1405	piab pini  6 1	piab pini 	6	1	104		#c0c0c0
1406	piab pini  11 2	piab pini 	11	2	45		#c0c0c0
1407	pini  7 2	pini 	7	2	65		#c0c0c0
1408	PIAB pini  10 2	PIAB pini 	10	2	106		#c0c0c0
1409	piab qupe pini  11 2	piab qupe pini 	11	2	20		#c0c0c0
1410	QUPE pini  9 2	QUPE pini 	9	2	79		#c0c0c0
1411	PIAB quro  10 2	PIAB quro 	10	2	102		#c0c0c0
1412	PIAB pini  11 2	PIAB pini 	11	2	19		#c0c0c0
1413	piab fasy pini  11 2	piab fasy pini 	11	2	19		#c0c0c0
1414	PINI fasy  7 2	PINI fasy 	7	2	18		#c0c0c0
1415	qupe pini  7 1	qupe pini 	7	1	19		#c0c0c0
1416	PINI piab  8 2	PINI piab 	8	2	34		#c0c0c0
1417	PINI  7 2	PINI 	7	2	186		#c0c0c0
1418	PIAB pini  9 1	PIAB pini 	9	1	18		#c0c0c0
