stateId,unique.str,composition,structure,fct,type
1,PIAB  10 2,PIAB ,10,2,0
2,PIAB  10 1,PIAB ,10,1,0
3,PIAB  8 2,PIAB ,8,2,0
4,PIAB lade  8 2,PIAB lade ,8,2,0
5,PIAB fasy  10 2,PIAB fasy ,10,2,0
6,piab fasy  9 1,piab fasy ,9,1,0
7,FASY  9 1,FASY ,9,1,0
8,acps frex  8 0,acps frex ,8,0,0
9,piab fasy  8 2,piab fasy ,8,2,0
10,PIAB  7 2,PIAB ,7,2,0
11,fasy acps frex  8 1,fasy acps frex ,8,1,0
12,piab  9 2,piab ,9,2,0
13,PIAB fasy  9 2,PIAB fasy ,9,2,0
14,FASY  8 2,FASY ,8,2,0
15,piab fasy  8 1,piab fasy ,8,1,0
16,fasy frex  8 1,fasy frex ,8,1,0
17,PIAB  7 1,PIAB ,7,1,0
18,piab fasy  4 2,piab fasy ,4,2,0
19,fasy  9 1,fasy ,9,1,0
20,piab abal fasy  9 1,piab abal fasy ,9,1,0
21,fasy acps  9 1,fasy acps ,9,1,0
22,FASY piab  9 1,FASY piab ,9,1,0
23,PIAB  5 1,PIAB ,5,1,0
24,FASY  8 1,FASY ,8,1,0
25,PIAB  9 2,PIAB ,9,2,0
26,piab fasy  9 2,piab fasy ,9,2,0
27,piab fasy  10 2,piab fasy ,10,2,0
28,piab fasy  10 1,piab fasy ,10,1,0
29,piab fasy  9 0,piab fasy ,9,0,0
30,PIAB  6 2,PIAB ,6,2,0
31,PIAB  8 1,PIAB ,8,1,0
32,FASY  9 0,FASY ,9,0,0
33,FASY  5 1,FASY ,5,1,0
34,piab fasy  6 1,piab fasy ,6,1,0
35,piab fasy  7 2,piab fasy ,7,2,0
36,PIAB  10 0,PIAB ,10,0,0
37,piab fasy  7 1,piab fasy ,7,1,0
38,PIAB  9 1,PIAB ,9,1,0
39,PIAB fasy  9 1,PIAB fasy ,9,1,0
40,piab acps  7 1,piab acps ,7,1,0
41,pisy fasy  9 1,pisy fasy ,9,1,0
42,FASY  7 1,FASY ,7,1,0
43,FASY  6 1,FASY ,6,1,0
44,PIAB fasy  8 1,PIAB fasy ,8,1,0
45,FASY piab  7 1,FASY piab ,7,1,0
46,fasy  10 1,fasy ,10,1,0
47,fasy frex  9 1,fasy frex ,9,1,0
48,FASY  6 0,FASY ,6,0,0
49,FASY  6 2,FASY ,6,2,0
50,FASY  7 2,FASY ,7,2,0
51,FASY frex  7 0,FASY frex ,7,0,0
52,piab fasy frex  8 1,piab fasy frex ,8,1,0
53,fasy frex  6 1,fasy frex ,6,1,0
54,FASY piab  8 1,FASY piab ,8,1,0
55,piab  7 1,piab ,7,1,0
56,FREX  1 0,FREX ,1,0,0
57,piab pisy fasy  7 1,piab pisy fasy ,7,1,0
58,piab fasy  5 1,piab fasy ,5,1,0
59,fasy frex  7 1,fasy frex ,7,1,0
60,fasy alin  7 1,fasy alin ,7,1,0
61,piab pisy  7 1,piab pisy ,7,1,0
62,fasy acps  8 1,fasy acps ,8,1,0
63,FASY acps  6 1,FASY acps ,6,1,0
64,PIAB fasy  10 1,PIAB fasy ,10,1,0
65,FASY frex  6 0,FASY frex ,6,0,0
66,fasy acps  7 1,fasy acps ,7,1,0
67,FASY frex  6 1,FASY frex ,6,1,0
68,fasy frex  6 0,fasy frex ,6,0,0
69,fasy acps  5 0,fasy acps ,5,0,0
70,FASY  5 0,FASY ,5,0,0
71,fasy  8 1,fasy ,8,1,0
72,fasy  7 1,fasy ,7,1,0
73,PIAB fasy  8 2,PIAB fasy ,8,2,0
74,FASY  8 0,FASY ,8,0,0
75,piab  7 2,piab ,7,2,0
76,piab fasy  7 0,piab fasy ,7,0,0
77,FASY piab  5 2,FASY piab ,5,2,0
78,FASY piab  6 1,FASY piab ,6,1,0
79,piab fasy  6 2,piab fasy ,6,2,0
80,PIAB fasy  7 1,PIAB fasy ,7,1,0
81,FASY  7 0,FASY ,7,0,0
82,PIAB frex  4 0,PIAB frex ,4,0,0
83,piab frex  5 0,piab frex ,5,0,0
84,FASY acps  5 0,FASY acps ,5,0,0
85,PIAB fasy  7 2,PIAB fasy ,7,2,0
86,FASY piab  8 2,FASY piab ,8,2,0
87,piab lade  8 1,piab lade ,8,1,0
88,abal fasy  7 1,abal fasy ,7,1,0
89,piab fasy  5 0,piab fasy ,5,0,0
90,lade fasy  8 1,lade fasy ,8,1,0
91,piab lade fasy  8 1,piab lade fasy ,8,1,0
92,piab lade  7 1,piab lade ,7,1,0
93,LADE  5 0,LADE ,5,0,0
94,piab lade fasy  8 2,piab lade fasy ,8,2,0
95,lade fasy  7 0,lade fasy ,7,0,0
96,FASY  10 1,FASY ,10,1,0
97,FASY piab  7 2,FASY piab ,7,2,0
98,LADE  7 1,LADE ,7,1,0
99,lade fasy acps  6 0,lade fasy acps ,6,0,0
100,FASY  10 0,FASY ,10,0,0
101,piab lade fasy  10 0,piab lade fasy ,10,0,0
102,piab acps  5 1,piab acps ,5,1,0
103,LADE  6 0,LADE ,6,0,0
104,piab lade  8 0,piab lade ,8,0,0
105,piab lade  6 0,piab lade ,6,0,0
106,PIAB lade  6 0,PIAB lade ,6,0,0
107,PIAB  6 1,PIAB ,6,1,0
108,PIAB  5 2,PIAB ,5,2,0
109,FASY frex  8 0,FASY frex ,8,0,0
110,PIAB lade  8 1,PIAB lade ,8,1,0
111,PIAB lade  6 1,PIAB lade ,6,1,0
112,piab  8 1,piab ,8,1,0
113,PIAB frex  5 1,PIAB frex ,5,1,0
114,piab fasy  4 1,piab fasy ,4,1,0
115,PIAB  7 0,PIAB ,7,0,0
116,PIAB lade  7 1,PIAB lade ,7,1,0
117,piab fasy  6 0,piab fasy ,6,0,0
118,FASY lade  7 1,FASY lade ,7,1,0
119,PIAB  1 0,PIAB ,1,0,0
120,piab lade  7 0,piab lade ,7,0,0
121,FASY acps  7 1,FASY acps ,7,1,0
122,fasy acps  7 2,fasy acps ,7,2,0
123,fasy acps  6 1,fasy acps ,6,1,0
124,PIAB abal  7 1,PIAB abal ,7,1,0
125,piab fasy acps  8 1,piab fasy acps ,8,1,0
126,fasy  6 1,fasy ,6,1,0
127,piab abal fasy  7 1,piab abal fasy ,7,1,0
128,piab fasy  8 0,piab fasy ,8,0,0
129,piab fasy acps  7 2,piab fasy acps ,7,2,0
130,piab fasy acps  8 2,piab fasy acps ,8,2,0
131,PIAB fasy  8 0,PIAB fasy ,8,0,0
132,FASY piab  6 0,FASY piab ,6,0,0
133,pisy fasy  7 1,pisy fasy ,7,1,0
134,piab fasy acps  7 1,piab fasy acps ,7,1,0
135,PISY  5 1,PISY ,5,1,0
136,PISY  6 1,PISY ,6,1,0
137,piab acps  7 2,piab acps ,7,2,0
138,pisy  6 1,pisy ,6,1,0
139,pisy fasy  6 1,pisy fasy ,6,1,0
140,piab pisy  8 1,piab pisy ,8,1,0
141,PIAB  5 0,PIAB ,5,0,0
142,PIAB fasy  6 1,PIAB fasy ,6,1,0
143,fasy  8 2,fasy ,8,2,0
144,piab  7 0,piab ,7,0,0
145,PIAB fasy  6 0,PIAB fasy ,6,0,0
146,piab fasy acps  6 1,piab fasy acps ,6,1,0
147,piab pisy fasy  8 1,piab pisy fasy ,8,1,0
148,piab lade  6 1,piab lade ,6,1,0
149,piab fasy frex  6 0,piab fasy frex ,6,0,0
150,PISY lade  5 1,PISY lade ,5,1,0
151,PISY  5 0,PISY ,5,0,0
152,pisy  5 1,pisy ,5,1,0
153,PIAB  8 0,PIAB ,8,0,0
154,piab  6 0,piab ,6,0,0
155,piab pisy  6 1,piab pisy ,6,1,0
156,LADE  5 1,LADE ,5,1,0
157,fasy  5 1,fasy ,5,1,0
158,PISY  7 1,PISY ,7,1,0
159,FASY piab  9 2,FASY piab ,9,2,0
160,piab lade fasy  9 2,piab lade fasy ,9,2,0
161,piab pisy fasy  6 1,piab pisy fasy ,6,1,0
162,acps alin  6 0,acps alin ,6,0,0
163,PISY piab  6 1,PISY piab ,6,1,0
164,lade fasy  9 1,lade fasy ,9,1,0
165,lade fasy  8 2,lade fasy ,8,2,0
166,FASY lade  9 1,FASY lade ,9,1,0
167,lade fasy acps  8 1,lade fasy acps ,8,1,0
168,pisy fasy  8 1,pisy fasy ,8,1,0
169,piab pisy  7 2,piab pisy ,7,2,0
170,lade pisy  7 1,lade pisy ,7,1,0
171,PISY  6 2,PISY ,6,2,0
172,FASY  9 2,FASY ,9,2,0
173,lade fasy  7 2,lade fasy ,7,2,0
174,piab lade  7 2,piab lade ,7,2,0
175,pisy  7 1,pisy ,7,1,0
176,pisy fasy  7 2,pisy fasy ,7,2,0
177,piab lade fasy  7 1,piab lade fasy ,7,1,0
178,piab lade fasy  6 2,piab lade fasy ,6,2,0
179,fasy  6 2,fasy ,6,2,0
180,FASY lade  7 2,FASY lade ,7,2,0
181,fasy  7 2,fasy ,7,2,0
182,piab abal fasy  8 1,piab abal fasy ,8,1,0
183,piab abal  7 1,piab abal ,7,1,0
184,fasy  6 0,fasy ,6,0,0
185,piab lade fasy  7 2,piab lade fasy ,7,2,0
186,lade fasy  6 2,lade fasy ,6,2,0
187,lade fasy  7 1,lade fasy ,7,1,0
188,abal lade fasy  8 1,abal lade fasy ,8,1,0
189,FASY lade  8 1,FASY lade ,8,1,0
190,pisy  7 2,pisy ,7,2,0
191,abal fasy  9 1,abal fasy ,9,1,0
192,lade fasy  6 1,lade fasy ,6,1,0
193,fasy alin  7 0,fasy alin ,7,0,0
194,pisy fasy  5 1,pisy fasy ,5,1,0
195,abal lade fasy  7 1,abal lade fasy ,7,1,0
196,abal fasy  9 2,abal fasy ,9,2,0
197,fasy frex  7 0,fasy frex ,7,0,0
198,lade frex  6 0,lade frex ,6,0,0
199,fasy  9 2,fasy ,9,2,0
200,LADE piab  5 1,LADE piab ,5,1,0
201,piab fasy  5 2,piab fasy ,5,2,0
202,lade fasy  5 1,lade fasy ,5,1,0
203,FASY lade  6 1,FASY lade ,6,1,0
204,LADE  6 1,LADE ,6,1,0
205,FASY  4 1,FASY ,4,1,0
206,piab pisy  5 1,piab pisy ,5,1,0
207,piab lade  8 2,piab lade ,8,2,0
208,lade  8 1,lade ,8,1,0
209,lade  6 0,lade ,6,0,0
210,piab abal  8 2,piab abal ,8,2,0
211,piab abal  9 2,piab abal ,9,2,0
212,abal  7 1,abal ,7,1,0
213,abal  9 1,abal ,9,1,0
214,abal fasy  7 2,abal fasy ,7,2,0
215,piab  8 2,piab ,8,2,0
216,ABAL  7 1,ABAL ,7,1,0
217,ABAL  6 1,ABAL ,6,1,0
218,abal  8 1,abal ,8,1,0
219,fasy  7 0,fasy ,7,0,0
220,FASY abal  7 2,FASY abal ,7,2,0
221,fasy frex  8 0,fasy frex ,8,0,0
222,abal lade  7 0,abal lade ,7,0,0
223,abal acps  7 1,abal acps ,7,1,0
224,piab lade fasy  9 1,piab lade fasy ,9,1,0
225,LADE  9 0,LADE ,9,0,0
226,LADE  10 0,LADE ,10,0,0
227,abal fasy  10 1,abal fasy ,10,1,0
228,FASY abal  7 0,FASY abal ,7,0,0
229,abal fasy  8 1,abal fasy ,8,1,0
230,piab abal  7 2,piab abal ,7,2,0
231,PIAB fasy  7 0,PIAB fasy ,7,0,0
232,fasy  8 0,fasy ,8,0,0
233,piab lade  9 2,piab lade ,9,2,0
234,abal fasy  8 2,abal fasy ,8,2,0
235,piab lade  9 1,piab lade ,9,1,0
236,abal fasy  10 2,abal fasy ,10,2,0
237,FASY abal  6 1,FASY abal ,6,1,0
238,lade fasy  6 0,lade fasy ,6,0,0
239,lade  7 0,lade ,7,0,0
240,piab abal fasy  8 2,piab abal fasy ,8,2,0
241,PIAB acps  6 2,PIAB acps ,6,2,0
242,lade  9 1,lade ,9,1,0
243,LADE  8 1,LADE ,8,1,0
244,LADE fasy  8 1,LADE fasy ,8,1,0
245,FASY piab  10 2,FASY piab ,10,2,0
246,abal fasy  6 1,abal fasy ,6,1,0
247,PIAB lade  7 2,PIAB lade ,7,2,0
248,LADE piab  7 0,LADE piab ,7,0,0
249,abal fasy acps  7 1,abal fasy acps ,7,1,0
250,abal fasy acps  6 1,abal fasy acps ,6,1,0
251,LADE  8 0,LADE ,8,0,0
252,LADE  7 0,LADE ,7,0,0
253,LADE piab  7 1,LADE piab ,7,1,0
254,abal lade  6 0,abal lade ,6,0,0
255,piab frex  4 0,piab frex ,4,0,0
256,PIAB  4 0,PIAB ,4,0,0
257,fasy frex  3 0,fasy frex ,3,0,0
258,lade  7 1,lade ,7,1,0
259,lade fasy  10 1,lade fasy ,10,1,0
260,piab abal fasy  6 1,piab abal fasy ,6,1,0
261,FASY  4 0,FASY ,4,0,0
262,LADE piab  6 0,LADE piab ,6,0,0
263,piab lade fasy  6 1,piab lade fasy ,6,1,0
264,fasy acps  7 0,fasy acps ,7,0,0
265,piab  6 1,piab ,6,1,0
266,mix 1 0,mix,1,0,0
267,FASY piab  4 0,FASY piab ,4,0,0
268,fasy frex  4 0,fasy frex ,4,0,0
269,ACPS  5 0,ACPS ,5,0,0
270,piab lade fasy  7 0,piab lade fasy ,7,0,0
271,lade fasy  8 0,lade fasy ,8,0,0
272,lade fasy  5 0,lade fasy ,5,0,0
273,LADE piab  9 1,LADE piab ,9,1,0
274,FASY piab  5 1,FASY piab ,5,1,0
275,lade fasy  9 2,lade fasy ,9,2,0
276,piab lade  5 2,piab lade ,5,2,0
277,FASY lade  5 0,FASY lade ,5,0,0
278,PIAB abal  7 2,PIAB abal ,7,2,0
279,lade fasy acps  7 1,lade fasy acps ,7,1,0
280,lade pisy  6 0,lade pisy ,6,0,0
281,lade fasy  4 0,lade fasy ,4,0,0
282,piab lade fasy  10 2,piab lade fasy ,10,2,0
283,lade fasy  10 2,lade fasy ,10,2,0
284,FASY  10 2,FASY ,10,2,0
285,lade fasy  9 0,lade fasy ,9,0,0
286,abal fasy  6 2,abal fasy ,6,2,0
287,FASY lade  8 0,FASY lade ,8,0,0
288,piab pisy fasy  9 2,piab pisy fasy ,9,2,0
289,lade pisy  6 1,lade pisy ,6,1,0
290,abal lade fasy  6 1,abal lade fasy ,6,1,0
291,FASY  1 0,FASY ,1,0,0
292,PISY  4 1,PISY ,4,1,0
293,piab abal  8 1,piab abal ,8,1,0
294,pisy fasy  5 0,pisy fasy ,5,0,0
295,PIAB  6 0,PIAB ,6,0,0
296,piab pisy  6 2,piab pisy ,6,2,0
297,lade pisy fasy  6 1,lade pisy fasy ,6,1,0
298,abal lade fasy  9 1,abal lade fasy ,9,1,0
299,piab lade fasy  10 1,piab lade fasy ,10,1,0
300,piab frex  1 0,piab frex ,1,0,0
301,abal fasy acps  9 1,abal fasy acps ,9,1,0
302,FASY lade  10 2,FASY lade ,10,2,0
303,piab pisy  4 1,piab pisy ,4,1,0
304,piab lade fasy acps  7 1,piab lade fasy acps ,7,1,0
305,LADE piab  8 1,LADE piab ,8,1,0
306,fasy frex  1 0,fasy frex ,1,0,0
307,FREX  2 0,FREX ,2,0,0
308,piab frex  6 0,piab frex ,6,0,0
309,pisy fasy  6 0,pisy fasy ,6,0,0
310,lade pisy  8 1,lade pisy ,8,1,0
311,piab abal fasy  6 0,piab abal fasy ,6,0,0
312,abal fasy  6 0,abal fasy ,6,0,0
313,acps  6 1,acps ,6,1,0
314,lade acps  6 1,lade acps ,6,1,0
315,piab acps  6 1,piab acps ,6,1,0
316,LADE piab  8 0,LADE piab ,8,0,0
317,PIAB lade  8 0,PIAB lade ,8,0,0
318,piab fasy frex  6 1,piab fasy frex ,6,1,0
319,BEPE  1 0,BEPE ,1,0,0
320,ACPS  6 1,ACPS ,6,1,0
321,piab lade  9 0,piab lade ,9,0,0
322,FASY pisy  7 1,FASY pisy ,7,1,0
323,abal pisy fasy  8 1,abal pisy fasy ,8,1,0
324,PIAB  9 0,PIAB ,9,0,0
325,PIAB lade  10 0,PIAB lade ,10,0,0
326,LADE  4 0,LADE ,4,0,0
327,piab frex  7 0,piab frex ,7,0,0
328,piab frex  7 1,piab frex ,7,1,0
329,abal fasy  7 0,abal fasy ,7,0,0
330,abal lade fasy  7 0,abal lade fasy ,7,0,0
331,piab lade  10 1,piab lade ,10,1,0
332,PISY  6 0,PISY ,6,0,0
333,piab  5 2,piab ,5,2,0
334,PIAB fasy  6 2,PIAB fasy ,6,2,0
335,piab abal lade  8 1,piab abal lade ,8,1,0
336,piab  6 2,piab ,6,2,0
337,PISY piab  7 1,PISY piab ,7,1,0
338,bepe  6 0,bepe ,6,0,0
339,FREX  7 0,FREX ,7,0,0
340,piab pisy  5 2,piab pisy ,5,2,0
341,piab pisy fasy  9 1,piab pisy fasy ,9,1,0
342,piab abal lade  9 1,piab abal lade ,9,1,0
343,piab bepe  7 1,piab bepe ,7,1,0
344,piab bepe  7 0,piab bepe ,7,0,0
345,LADE fasy  7 0,LADE fasy ,7,0,0
346,piab abal fasy  9 2,piab abal fasy ,9,2,0
347,piab abal lade fasy  9 1,piab abal lade fasy ,9,1,0
348,piab abal  9 1,piab abal ,9,1,0
349,PISY fasy  7 1,PISY fasy ,7,1,0
350,piab bepe  8 0,piab bepe ,8,0,0
351,FASY lade  10 1,FASY lade ,10,1,0
352,piab abal fasy  6 2,piab abal fasy ,6,2,0
353,lade  10 1,lade ,10,1,0
354,piab alin  7 0,piab alin ,7,0,0
355,piab alin  1 0,piab alin ,1,0,0
356,frex  1 0,frex ,1,0,0
357,PIAB frex  1 0,PIAB frex ,1,0,0
358,lade pisy fasy  7 1,lade pisy fasy ,7,1,0
359,FASY piab  6 2,FASY piab ,6,2,0
360,PIAB acps  6 1,PIAB acps ,6,1,0
361,ALIN  1 0,ALIN ,1,0,0
362,piab bepe  5 1,piab bepe ,5,1,0
363,piab pisy fasy  7 2,piab pisy fasy ,7,2,0
364,piab fasy acps  8 0,piab fasy acps ,8,0,0
365,PIAB fasy  9 0,PIAB fasy ,9,0,0
366,PISY fasy  6 1,PISY fasy ,6,1,0
367,pisy fasy  7 0,pisy fasy ,7,0,0
368,piab pisy fasy  7 0,piab pisy fasy ,7,0,0
369,piab  8 0,piab ,8,0,0
370,piab lade  5 1,piab lade ,5,1,0
371,PISY  7 0,PISY ,7,0,0
372,piab lade fasy  5 1,piab lade fasy ,5,1,0
373,PIAB abal  9 2,PIAB abal ,9,2,0
374,pisy  5 0,pisy ,5,0,0
375,piab pisy  6 0,piab pisy ,6,0,0
376,PIAB pisy  8 1,PIAB pisy ,8,1,0
377,PIAB lade  5 2,PIAB lade ,5,2,0
378,PISY lade  6 0,PISY lade ,6,0,0
379,FREX  6 1,FREX ,6,1,0
380,piab pisy  5 0,piab pisy ,5,0,0
381,piab pisy  8 0,piab pisy ,8,0,0
382,PIAB  11 2,PIAB ,11,2,0
383,fasy  5 0,fasy ,5,0,0
384,lade  6 1,lade ,6,1,0
385,piab lade fasy  6 0,piab lade fasy ,6,0,0
386,piab lade pisy  7 1,piab lade pisy ,7,1,0
387,PISY  3 1,PISY ,3,1,0
388,piab  9 1,piab ,9,1,0
389,PIAB  4 2,PIAB ,4,2,0
390,piab lade  6 2,piab lade ,6,2,0
391,PISY fasy  5 0,PISY fasy ,5,0,0
392,piab lade pisy  8 2,piab lade pisy ,8,2,0
393,LADE piab  5 0,LADE piab ,5,0,0
394,piab lade  10 2,piab lade ,10,2,0
395,PIAB lade  10 1,PIAB lade ,10,1,0
396,piab  10 2,piab ,10,2,0
397,piab lade pisy  6 2,piab lade pisy ,6,2,0
398,lade pisy  6 2,lade pisy ,6,2,0
399,piab lade pisy  5 1,piab lade pisy ,5,1,0
400,piab lade pisy  6 1,piab lade pisy ,6,1,0
401,piab lade pisy  8 1,piab lade pisy ,8,1,0
402,piab bepe  6 0,piab bepe ,6,0,0
403,lade bepe  8 0,lade bepe ,8,0,0
404,PIAB lade  6 2,PIAB lade ,6,2,0
405,PIAB fasy  5 1,PIAB fasy ,5,1,0
406,piab abal fasy  10 1,piab abal fasy ,10,1,0
407,lade pisy  5 1,lade pisy ,5,1,0
408,piab pisy  7 0,piab pisy ,7,0,0
409,pisy  7 0,pisy ,7,0,0
410,lade pisy fasy  7 0,lade pisy fasy ,7,0,0
411,BEPE  4 0,BEPE ,4,0,0
412,LADE bepe  7 0,LADE bepe ,7,0,0
413,lade bepe  6 0,lade bepe ,6,0,0
414,PIAB  4 1,PIAB ,4,1,0
415,piab abal lade fasy  8 2,piab abal lade fasy ,8,2,0
416,lade pisy  5 0,lade pisy ,5,0,0
417,PIAB pisy  7 1,PIAB pisy ,7,1,0
418,BEPE  2 0,BEPE ,2,0,0
419,LADE bepe  6 0,LADE bepe ,6,0,0
420,LADE  3 0,LADE ,3,0,0
421,piab fasy frex  5 1,piab fasy frex ,5,1,0
422,piab abal lade  9 2,piab abal lade ,9,2,0
423,piab abal lade  7 1,piab abal lade ,7,1,0
424,piab pisy  9 1,piab pisy ,9,1,0
425,PIAB pisy  6 1,PIAB pisy ,6,1,0
426,FREX  4 0,FREX ,4,0,0
427,LADE piab  6 1,LADE piab ,6,1,0
428,piab  10 1,piab ,10,1,0
429,FASY piab  7 0,FASY piab ,7,0,0
430,fasy acps  6 0,fasy acps ,6,0,0
431,piab lade  4 0,piab lade ,4,0,0
432,piab lade pisy  9 1,piab lade pisy ,9,1,0
433,PIAB abal  10 2,PIAB abal ,10,2,0
434,piab lade pisy  7 0,piab lade pisy ,7,0,0
435,piab lade pisy  10 1,piab lade pisy ,10,1,0
436,lade pisy fasy  8 1,lade pisy fasy ,8,1,0
437,BEPE  5 0,BEPE ,5,0,0
438,LADE fasy  8 0,LADE fasy ,8,0,0
439,piab lade pisy  6 0,piab lade pisy ,6,0,0
440,BEPE  6 0,BEPE ,6,0,0
441,LADE fasy  6 0,LADE fasy ,6,0,0
442,piab acps  6 0,piab acps ,6,0,0
443,abal fasy  5 0,abal fasy ,5,0,0
444,FASY lade  7 0,FASY lade ,7,0,0
445,lade pisy  7 0,lade pisy ,7,0,0
446,PIAB lade  5 1,PIAB lade ,5,1,0
447,PIAB lade  9 1,PIAB lade ,9,1,0
448,abal fasy  4 0,abal fasy ,4,0,0
449,abal lade  6 1,abal lade ,6,1,0
450,piab abal lade fasy  6 1,piab abal lade fasy ,6,1,0
451,FASY lade  6 0,FASY lade ,6,0,0
452,piab abal  6 1,piab abal ,6,1,0
453,piab abal lade  6 1,piab abal lade ,6,1,0
454,LADE piab  6 2,LADE piab ,6,2,0
455,piab acps  7 0,piab acps ,7,0,0
456,PIAB acps  7 0,PIAB acps ,7,0,0
457,abal lade  7 1,abal lade ,7,1,0
458,piab lade pisy fasy  7 1,piab lade pisy fasy ,7,1,0
459,BEPE piab  4 0,BEPE piab ,4,0,0
460,lade fasy bepe  5 0,lade fasy bepe ,5,0,0
461,lade bepe  5 0,lade bepe ,5,0,0
462,fasy alin  5 0,fasy alin ,5,0,0
463,LADE frex  3 0,LADE frex ,3,0,0
464,piab abal lade fasy  7 1,piab abal lade fasy ,7,1,0
465,lade pisy  9 1,lade pisy ,9,1,0
466,lade bepe  4 0,lade bepe ,4,0,0
467,FASY abal  8 1,FASY abal ,8,1,0
468,PIAB fasy  4 0,PIAB fasy ,4,0,0
469,piab abal lade fasy  8 1,piab abal lade fasy ,8,1,0
470,piab lade fasy  8 0,piab lade fasy ,8,0,0
471,PIAB lade  9 2,PIAB lade ,9,2,0
472,LADE fasy  9 0,LADE fasy ,9,0,0
473,FASY  5 2,FASY ,5,2,0
474,piab pisy fasy  8 0,piab pisy fasy ,8,0,0
475,piab abal fasy  7 2,piab abal fasy ,7,2,0
476,piab lade frex  6 0,piab lade frex ,6,0,0
477,FASY piab  10 0,FASY piab ,10,0,0
478,fasy  9 0,fasy ,9,0,0
479,piab abal pisy  7 1,piab abal pisy ,7,1,0
480,lade frex  9 0,lade frex ,9,0,0
481,PISY fasy  8 1,PISY fasy ,8,1,0
482,FASY frex  3 0,FASY frex ,3,0,0
483,LADE  7 2,LADE ,7,2,0
484,LADE  9 1,LADE ,9,1,0
485,piab lade fasy  5 0,piab lade fasy ,5,0,0
486,frex bepe  1 0,frex bepe ,1,0,0
487,mix 3 0,mix,3,0,0
488,fasy acps  8 0,fasy acps ,8,0,0
489,piab abal fasy  7 0,piab abal fasy ,7,0,0
490,piab lade  4 1,piab lade ,4,1,0
491,FASY frex  1 0,FASY frex ,1,0,0
492,PIAB pisy  9 2,PIAB pisy ,9,2,0
493,lade fasy acps  9 1,lade fasy acps ,9,1,0
494,piab pisy  8 2,piab pisy ,8,2,0
495,piab fasy frex  7 1,piab fasy frex ,7,1,0
496,FREX  4 1,FREX ,4,1,0
497,PIAB  2 0,PIAB ,2,0,0
498,FASY acps  8 1,FASY acps ,8,1,0
499,frex bepe  2 0,frex bepe ,2,0,0
500,PIAB frex  8 1,PIAB frex ,8,1,0
501,fasy frex  5 0,fasy frex ,5,0,0
502,fasy acps  6 2,fasy acps ,6,2,0
503,LADE piab  2 0,LADE piab ,2,0,0
504,piab fasy frex  7 0,piab fasy frex ,7,0,0
505,BEPE  8 0,BEPE ,8,0,0
506,acps frex  5 1,acps frex ,5,1,0
507,FASY frex  8 1,FASY frex ,8,1,0
508,LADE  1 0,LADE ,1,0,0
509,LADE  2 0,LADE ,2,0,0
510,fasy  10 2,fasy ,10,2,0
511,FASY  3 0,FASY ,3,0,0
512,piab bepe  5 0,piab bepe ,5,0,0
513,piab fasy acps  5 0,piab fasy acps ,5,0,0
514,piab bepe  1 0,piab bepe ,1,0,0
515,lade fasy  3 0,lade fasy ,3,0,0
516,fasy bepe  7 0,fasy bepe ,7,0,0
517,FREX  5 0,FREX ,5,0,0
518,LADE frex  7 0,LADE frex ,7,0,0
519,lade  5 0,lade ,5,0,0
520,lade bepe  7 0,lade bepe ,7,0,0
521,FASY piab  10 1,FASY piab ,10,1,0
522,FASY lade  9 0,FASY lade ,9,0,0
523,lade bepe  3 0,lade bepe ,3,0,0
524,ALIN  3 0,ALIN ,3,0,0
525,lade  8 0,lade ,8,0,0
526,fasy acps  10 1,fasy acps ,10,1,0
527,BEPE frex  2 0,BEPE frex ,2,0,0
528,fasy alin  6 1,fasy alin ,6,1,0
529,piab bepe  4 0,piab bepe ,4,0,0
530,piab acps  8 1,piab acps ,8,1,0
531,fasy frex alin  6 0,fasy frex alin ,6,0,0
532,FASY acps  9 1,FASY acps ,9,1,0
533,fasy acps  9 0,fasy acps ,9,0,0
534,piab lade  5 0,piab lade ,5,0,0
535,FASY acps  10 1,FASY acps ,10,1,0
536,piab fasy acps  9 1,piab fasy acps ,9,1,0
537,FASY acps  7 0,FASY acps ,7,0,0
538,piab  11 1,piab ,11,1,0
539,PIAB fasy  4 1,PIAB fasy ,4,1,0
540,piab abal fasy  8 0,piab abal fasy ,8,0,0
541,fasy frex alin  7 0,fasy frex alin ,7,0,0
542,PIAB fasy  1 0,PIAB fasy ,1,0,0
543,piab lade fasy  9 0,piab lade fasy ,9,0,0
544,lade frex  7 0,lade frex ,7,0,0
545,FASY frex  7 1,FASY frex ,7,1,0
546,piab abal  10 2,piab abal ,10,2,0
547,FASY  2 0,FASY ,2,0,0
548,piab abal fasy  10 2,piab abal fasy ,10,2,0
549,FASY  3 1,FASY ,3,1,0
550,piab fasy acps  7 0,piab fasy acps ,7,0,0
551,piab frex  9 0,piab frex ,9,0,0
552,lade frex  4 0,lade frex ,4,0,0
553,piab lade frex  1 0,piab lade frex ,1,0,0
554,lade fasy frex  9 0,lade fasy frex ,9,0,0
555,lade frex  1 0,lade frex ,1,0,0
556,piab  1 0,piab ,1,0,0
557,FREX bepe  1 0,FREX bepe ,1,0,0
558,piab  5 0,piab ,5,0,0
559,frex alin  3 0,frex alin ,3,0,0
560,lade frex  8 0,lade frex ,8,0,0
561,FASY frex  5 0,FASY frex ,5,0,0
562,FASY lade  9 2,FASY lade ,9,2,0
563,BEPE  7 0,BEPE ,7,0,0
564,FREX  8 0,FREX ,8,0,0
565,fasy alin  6 0,fasy alin ,6,0,0
566,FASY piab  8 0,FASY piab ,8,0,0
567,fasy frex  5 1,fasy frex ,5,1,0
568,FASY piab  5 0,FASY piab ,5,0,0
569,BEPE frex  1 0,BEPE frex ,1,0,0
570,piab fasy  1 0,piab fasy ,1,0,0
571,piab fasy  11 1,piab fasy ,11,1,0
572,FASY acps  6 0,FASY acps ,6,0,0
573,acps  9 1,acps ,9,1,0
574,PIAB pisy  7 2,PIAB pisy ,7,2,0
575,FREX lade  1 0,FREX lade ,1,0,0
576,PIAB lade  7 0,PIAB lade ,7,0,0
577,piab fasy frex  1 0,piab fasy frex ,1,0,0
578,LADE fasy  7 1,LADE fasy ,7,1,0
579,PIAB bepe  6 1,PIAB bepe ,6,1,0
580,piab fasy  10 0,piab fasy ,10,0,0
581,fasy frex  10 1,fasy frex ,10,1,0
582,piab fasy frex  11 1,piab fasy frex ,11,1,0
583,lade pisy  7 2,lade pisy ,7,2,0
584,lade fasy acps  6 1,lade fasy acps ,6,1,0
585,piab pisy fasy  8 2,piab pisy fasy ,8,2,0
586,lade fasy  1 0,lade fasy ,1,0,0
587,piab fasy frex  5 0,piab fasy frex ,5,0,0
588,ACPS  7 1,ACPS ,7,1,0
589,lade fasy frex  7 0,lade fasy frex ,7,0,0
590,FREX  6 0,FREX ,6,0,0
591,lade fasy frex  7 1,lade fasy frex ,7,1,0
592,lade fasy frex  8 1,lade fasy frex ,8,1,0
593,ACPS  8 1,ACPS ,8,1,0
594,FASY frex  9 1,FASY frex ,9,1,0
595,PIAB frex  6 1,PIAB frex ,6,1,0
596,ACPS alin  6 0,ACPS alin ,6,0,0
597,PISY  7 2,PISY ,7,2,0
598,lade fasy acps  8 2,lade fasy acps ,8,2,0
599,FASY lade  8 2,FASY lade ,8,2,0
600,lade  9 0,lade ,9,0,0
601,fasy frex  2 0,fasy frex ,2,0,0
602,piab lade  10 0,piab lade ,10,0,0
603,FREX piab  1 0,FREX piab ,1,0,0
604,fasy bepe  6 0,fasy bepe ,6,0,0
605,lade frex  5 0,lade frex ,5,0,0
606,piab frex  8 0,piab frex ,8,0,0
607,frex bepe  4 0,frex bepe ,4,0,0
608,LADE bepe  5 0,LADE bepe ,5,0,0
609,PIAB pisy  8 0,PIAB pisy ,8,0,0
610,PISY piab  6 2,PISY piab ,6,2,0
611,piab pisy fasy  6 2,piab pisy fasy ,6,2,0
612,piab lade pisy  7 2,piab lade pisy ,7,2,0
613,PIAB bepe  7 0,PIAB bepe ,7,0,0
614,pisy fasy  8 0,pisy fasy ,8,0,0
615,abal lade  9 1,abal lade ,9,1,0
616,LADE frex  4 0,LADE frex ,4,0,0
617,lade fasy bepe  6 0,lade fasy bepe ,6,0,0
618,piab abal  6 2,piab abal ,6,2,0
619,piab fasy bepe  8 1,piab fasy bepe ,8,1,0
620,frex bepe  3 0,frex bepe ,3,0,0
621,piab lade  3 0,piab lade ,3,0,0
622,piab bepe  2 0,piab bepe ,2,0,0
623,PIAB bepe  7 1,PIAB bepe ,7,1,0
624,piab alin  6 0,piab alin ,6,0,0
625,FASY frex  4 0,FASY frex ,4,0,0
626,fasy  4 0,fasy ,4,0,0
627,PIAB  11 0,PIAB ,11,0,0
628,FREX lade  2 0,FREX lade ,2,0,0
629,BEPE  3 0,BEPE ,3,0,0
630,piab fasy acps  6 0,piab fasy acps ,6,0,0
631,piab frex  9 1,piab frex ,9,1,0
632,piab lade  1 0,piab lade ,1,0,0
633,frex alin  4 0,frex alin ,4,0,0
634,lade frex  8 1,lade frex ,8,1,0
635,FASY piab  1 0,FASY piab ,1,0,0
636,piab bepe  6 1,piab bepe ,6,1,0
637,FREX  7 1,FREX ,7,1,0
638,PIAB frex  5 0,PIAB frex ,5,0,0
639,PIAB frex  2 0,PIAB frex ,2,0,0
640,fasy acps  8 2,fasy acps ,8,2,0
641,fasy alin  8 0,fasy alin ,8,0,0
642,lade frex  6 1,lade frex ,6,1,0
643,FASY abal  7 1,FASY abal ,7,1,0
644,piab frex  2 0,piab frex ,2,0,0
645,ACPS  5 1,ACPS ,5,1,0
646,FREX fasy  2 0,FREX fasy ,2,0,0
647,pisy  8 1,pisy ,8,1,0
648,FREX piab  2 0,FREX piab ,2,0,0
649,PIAB frex  8 0,PIAB frex ,8,0,0
650,piab bepe  8 1,piab bepe ,8,1,0
651,piab alin  8 0,piab alin ,8,0,0
652,piab  9 0,piab ,9,0,0
653,PISY piab  7 2,PISY piab ,7,2,0
654,piab lade pisy  9 2,piab lade pisy ,9,2,0
655,frex bepe  7 0,frex bepe ,7,0,0
656,piab lade pisy  10 2,piab lade pisy ,10,2,0
657,abal fasy  5 1,abal fasy ,5,1,0
658,ACPS  6 0,ACPS ,6,0,0
659,lade bepe  6 1,lade bepe ,6,1,0
660,PIAB lade  10 2,PIAB lade ,10,2,0
661,PIAB abal  6 1,PIAB abal ,6,1,0
662,FREX piab  7 0,FREX piab ,7,0,0
663,LADE fasy  9 1,LADE fasy ,9,1,0
664,FREX bepe  2 0,FREX bepe ,2,0,0
665,mix 4 0,mix,4,0,0
666,LADE frex  5 0,LADE frex ,5,0,0
667,ALIN  4 0,ALIN ,4,0,0
668,lade frex  9 1,lade frex ,9,1,0
669,PIAB bepe  9 0,PIAB bepe ,9,0,0
670,PIAB  3 0,PIAB ,3,0,0
671,fasy bepe  7 1,fasy bepe ,7,1,0
672,lade fasy frex  9 1,lade fasy frex ,9,1,0
673,PIAB fasy  5 0,PIAB fasy ,5,0,0
674,LADE frex  9 0,LADE frex ,9,0,0
675,PIAB  11 1,PIAB ,11,1,0
676,lade frex  2 0,lade frex ,2,0,0
677,piab fasy frex  9 1,piab fasy frex ,9,1,0
678,lade frex  7 1,lade frex ,7,1,0
679,LADE  10 1,LADE ,10,1,0
680,piab lade fasy acps  8 1,piab lade fasy acps ,8,1,0
681,frex alin  2 0,frex alin ,2,0,0
682,pisy  6 0,pisy ,6,0,0
683,FASY pisy  8 1,FASY pisy ,8,1,0
684,lade pisy  8 2,lade pisy ,8,2,0
685,lade fasy bepe  6 1,lade fasy bepe ,6,1,0
686,ALIN  2 0,ALIN ,2,0,0
687,FASY lade  6 2,FASY lade ,6,2,0
688,piab frex  6 1,piab frex ,6,1,0
689,FREX  5 1,FREX ,5,1,0
690,piab fasy frex  10 1,piab fasy frex ,10,1,0
691,fasy bepe  8 0,fasy bepe ,8,0,0
692,bepe  7 0,bepe ,7,0,0
693,FREX fasy  4 0,FREX fasy ,4,0,0
694,piab lade bepe  4 0,piab lade bepe ,4,0,0
695,abal lade  8 0,abal lade ,8,0,0
696,FASY piab  3 0,FASY piab ,3,0,0
697,FREX fasy  6 0,FREX fasy ,6,0,0
698,FREX lade  5 0,FREX lade ,5,0,0
699,piab lade  2 0,piab lade ,2,0,0
700,piab lade frex  2 0,piab lade frex ,2,0,0
701,PIAB fasy  11 2,PIAB fasy ,11,2,0
702,PIAB frex  7 1,PIAB frex ,7,1,0
703,piab frex  8 1,piab frex ,8,1,0
704,PISY  5 2,PISY ,5,2,0
705,pisy fasy  9 2,pisy fasy ,9,2,0
706,FASY pisy  5 1,FASY pisy ,5,1,0
707,lade bepe  7 1,lade bepe ,7,1,0
708,lade fasy frex  8 0,lade fasy frex ,8,0,0
709,LADE frex  7 1,LADE frex ,7,1,0
710,PIAB bepe  8 1,PIAB bepe ,8,1,0
711,PIAB frex  10 1,PIAB frex ,10,1,0
712,pisy fasy  8 2,pisy fasy ,8,2,0
713,lade acps  7 1,lade acps ,7,1,0
714,frex bepe  5 0,frex bepe ,5,0,0
715,piab abal  8 0,piab abal ,8,0,0
716,piab pisy  10 2,piab pisy ,10,2,0
717,FREX  2 1,FREX ,2,1,0
718,piab lade frex  8 1,piab lade frex ,8,1,0
719,piab lade frex  7 0,piab lade frex ,7,0,0
720,LADE bepe  7 1,LADE bepe ,7,1,0
721,PIAB lade  9 0,PIAB lade ,9,0,0
722,piab bepe  9 0,piab bepe ,9,0,0
723,abal lade  8 1,abal lade ,8,1,0
724,FASY acps  8 0,FASY acps ,8,0,0
725,LADE frex  6 0,LADE frex ,6,0,0
726,PIAB frex  7 0,PIAB frex ,7,0,0
727,FASY frex  5 1,FASY frex ,5,1,0
728,LADE frex  9 1,LADE frex ,9,1,0
729,piab fasy  2 0,piab fasy ,2,0,0
730,piab fasy frex  2 0,piab fasy frex ,2,0,0
731,FASY bepe  8 1,FASY bepe ,8,1,0
732,frex  7 0,frex ,7,0,0
733,piab frex  3 0,piab frex ,3,0,0
734,pisy fasy  6 2,pisy fasy ,6,2,0
735,abal lade fasy  7 2,abal lade fasy ,7,2,0
736,abal lade fasy  9 2,abal lade fasy ,9,2,0
737,PIAB fasy  10 0,PIAB fasy ,10,0,0
738,PIAB frex  9 0,PIAB frex ,9,0,0
739,fasy  4 1,fasy ,4,1,0
740,lade fasy bepe  7 1,lade fasy bepe ,7,1,0
741,PIAB bepe  6 0,PIAB bepe ,6,0,0
742,lade bepe  2 0,lade bepe ,2,0,0
743,piab fasy frex  8 0,piab fasy frex ,8,0,0
744,piab acps  8 2,piab acps ,8,2,0
745,fasy bepe  9 1,fasy bepe ,9,1,0
746,abal fasy  8 0,abal fasy ,8,0,0
747,lade fasy frex  6 1,lade fasy frex ,6,1,0
748,FASY bepe  7 1,FASY bepe ,7,1,0
749,piab frex  10 1,piab frex ,10,1,0
750,mix 2 0,mix,2,0,0
751,frex alin  5 0,frex alin ,5,0,0
752,PIAB fasy  11 1,PIAB fasy ,11,1,0
753,piab fasy frex  9 0,piab fasy frex ,9,0,0
754,frex  7 1,frex ,7,1,0
755,frex  5 0,frex ,5,0,0
756,piab fasy frex  4 0,piab fasy frex ,4,0,0
757,PIAB abal  8 2,PIAB abal ,8,2,0
758,FREX piab  8 0,FREX piab ,8,0,0
759,pisy  6 2,pisy ,6,2,0
760,lade bepe  8 1,lade bepe ,8,1,0
761,fasy acps frex  9 1,fasy acps frex ,9,1,0
762,lade pisy fasy  9 1,lade pisy fasy ,9,1,0
763,PISY fasy  9 1,PISY fasy ,9,1,0
764,piab lade frex  8 0,piab lade frex ,8,0,0
765,FREX  3 0,FREX ,3,0,0
766,piab abal lade  8 2,piab abal lade ,8,2,0
767,FASY abal  8 0,FASY abal ,8,0,0
768,piab fasy  4 0,piab fasy ,4,0,0
769,piab fasy  11 2,piab fasy ,11,2,0
770,piab lade fasy  11 1,piab lade fasy ,11,1,0
771,lade fasy  2 0,lade fasy ,2,0,0
772,frex  8 1,frex ,8,1,0
773,LADE piab  9 0,LADE piab ,9,0,0
774,piab pisy fasy  6 0,piab pisy fasy ,6,0,0
775,acps  7 1,acps ,7,1,0
776,PISY piab  8 1,PISY piab ,8,1,0
777,frex bepe  8 1,frex bepe ,8,1,0
778,PIAB acps  7 1,PIAB acps ,7,1,0
779,ACPS  7 0,ACPS ,7,0,0
780,LADE frex  8 1,LADE frex ,8,1,0
781,FREX fasy  5 1,FREX fasy ,5,1,0
782,piab lade bepe  7 1,piab lade bepe ,7,1,0
783,piab lade frex  9 0,piab lade frex ,9,0,0
784,lade frex  3 0,lade frex ,3,0,0
785,piab lade frex  3 0,piab lade frex ,3,0,0
786,LADE  6 2,LADE ,6,2,0
787,LADE piab  7 2,LADE piab ,7,2,0
788,abal fasy  9 0,abal fasy ,9,0,0
789,piab  2 0,piab ,2,0,0
790,FREX lade  3 0,FREX lade ,3,0,0
791,FREX fasy  6 1,FREX fasy ,6,1,0
792,FREX piab  3 0,FREX piab ,3,0,0
793,piab abal lade fasy  10 1,piab abal lade fasy ,10,1,0
794,FASY piab  4 1,FASY piab ,4,1,0
795,ACPS  6 2,ACPS ,6,2,0
796,FREX  3 1,FREX ,3,1,0
797,piab acps  8 0,piab acps ,8,0,0
798,BEPE frex  3 0,BEPE frex ,3,0,0
799,piab bepe  10 0,piab bepe ,10,0,0
800,piab frex  10 0,piab frex ,10,0,0
801,PIAB fasy  5 2,PIAB fasy ,5,2,0
802,bepe  8 0,bepe ,8,0,0
803,FASY abal  6 2,FASY abal ,6,2,0
804,FREX fasy  3 0,FREX fasy ,3,0,0
805,abal fasy bepe  8 0,abal fasy bepe ,8,0,0
806,piab bepe  9 1,piab bepe ,9,1,0
807,lade fasy bepe  8 0,lade fasy bepe ,8,0,0
808,BEPE piab  7 0,BEPE piab ,7,0,0
809,mix 6 0,mix,6,0,0
810,FASY bepe  10 1,FASY bepe ,10,1,0
811,PIAB frex  10 0,PIAB frex ,10,0,0
812,PIAB abal  8 1,PIAB abal ,8,1,0
813,abal  8 2,abal ,8,2,0
814,abal fasy acps  10 1,abal fasy acps ,10,1,0
815,PISY piab  5 1,PISY piab ,5,1,0
816,FREX piab  8 1,FREX piab ,8,1,0
817,FASY acps  8 2,FASY acps ,8,2,0
818,pisy  8 0,pisy ,8,0,0
819,piab fasy bepe  9 1,piab fasy bepe ,9,1,0
820,mix 5 0,mix,5,0,0
821,lade bepe  9 1,lade bepe ,9,1,0
822,FREX piab  7 1,FREX piab ,7,1,0
823,FREX bepe  3 0,FREX bepe ,3,0,0
824,FREX lade  5 1,FREX lade ,5,1,0
825,PIAB frex  9 1,PIAB frex ,9,1,0
826,FREX  8 1,FREX ,8,1,0
827,frex bepe  8 0,frex bepe ,8,0,0
828,fasy frex  9 0,fasy frex ,9,0,0
829,piab fasy frex  8 2,piab fasy frex ,8,2,0
830,lade  11 1,lade ,11,1,0
831,PIAB pisy  8 2,PIAB pisy ,8,2,0
832,PISY lade  6 1,PISY lade ,6,1,0
833,piab lade bepe  8 0,piab lade bepe ,8,0,0
834,acps frex  6 1,acps frex ,6,1,0
835,piab lade frex  9 1,piab lade frex ,9,1,0
836,FREX lade  6 1,FREX lade ,6,1,0
837,piab lade fasy frex  9 1,piab lade fasy frex ,9,1,0
838,piab fasy frex  10 0,piab fasy frex ,10,0,0
839,PIAB frex  10 2,PIAB frex ,10,2,0
840,FREX piab  4 0,FREX piab ,4,0,0
841,abal lade fasy  10 1,abal lade fasy ,10,1,0
842,piab frex bepe  9 1,piab frex bepe ,9,1,0
843,piab lade bepe  8 1,piab lade bepe ,8,1,0
844,lade fasy bepe  8 1,lade fasy bepe ,8,1,0
845,piab bepe  3 0,piab bepe ,3,0,0
846,fasy  11 1,fasy ,11,1,0
847,PIAB frex  7 2,PIAB frex ,7,2,0
848,abal  9 2,abal ,9,2,0
849,PIAB pisy  9 1,PIAB pisy ,9,1,0
850,frex  3 0,frex ,3,0,0
851,FASY acps  7 2,FASY acps ,7,2,0
852,piab lade frex  4 0,piab lade frex ,4,0,0
853,frex alin  1 0,frex alin ,1,0,0
854,FREX lade  4 0,FREX lade ,4,0,0
855,piab frex  7 2,piab frex ,7,2,0
856,fasy bepe  8 1,fasy bepe ,8,1,0
857,piab lade frex  10 1,piab lade frex ,10,1,0
858,LADE frex  8 0,LADE frex ,8,0,0
859,PIAB frex  11 1,PIAB frex ,11,1,0
860,piab abal lade fasy  10 2,piab abal lade fasy ,10,2,0
861,PIAB frex  3 0,PIAB frex ,3,0,0
862,LADE frex  1 0,LADE frex ,1,0,0
863,piab frex  8 2,piab frex ,8,2,0
864,piab lade pisy fasy  8 1,piab lade pisy fasy ,8,1,0
865,fasy acps  9 2,fasy acps ,9,2,0
866,piab pisy  9 0,piab pisy ,9,0,0
867,lade bepe  9 0,lade bepe ,9,0,0
868,piab lade bepe  9 1,piab lade bepe ,9,1,0
869,piab pisy  9 2,piab pisy ,9,2,0
870,frex bepe  9 1,frex bepe ,9,1,0
871,FASY abal  8 2,FASY abal ,8,2,0
872,piab abal fasy  9 0,piab abal fasy ,9,0,0
873,piab frex  11 0,piab frex ,11,0,0
874,piab fasy acps  10 1,piab fasy acps ,10,1,0
875,FREX lade  4 1,FREX lade ,4,1,0
876,lade frex bepe  1 0,lade frex bepe ,1,0,0
877,piab fasy frex  9 2,piab fasy frex ,9,2,0
878,ABAL fasy  7 1,ABAL fasy ,7,1,0
879,lade frex  10 1,lade frex ,10,1,0
880,PISY  8 1,PISY ,8,1,0
881,piab abal  10 1,piab abal ,10,1,0
882,FASY frex  10 1,FASY frex ,10,1,0
883,piab  10 0,piab ,10,0,0
884,frex  2 0,frex ,2,0,0
885,FASY piab  9 0,FASY piab ,9,0,0
886,frex  9 1,frex ,9,1,0
887,lade fasy frex  3 0,lade fasy frex ,3,0,0
888,pisy fasy  10 1,pisy fasy ,10,1,0
889,LADE frex  10 1,LADE frex ,10,1,0
890,piab frex  11 1,piab frex ,11,1,0
891,piab pisy  10 1,piab pisy ,10,1,0
892,piab pisy fasy  10 1,piab pisy fasy ,10,1,0
893,piab fasy frex  3 0,piab fasy frex ,3,0,0
894,PIAB lade  1 0,PIAB lade ,1,0,0
895,mix 7 0,mix,7,0,0
896,frex  6 0,frex ,6,0,0
897,piab fasy  12 1,piab fasy ,12,1,0
898,LADE piab  1 0,LADE piab ,1,0,0
899,FREX  9 1,FREX ,9,1,0
900,LADE piab  10 1,LADE piab ,10,1,0
901,fasy frex  8 2,fasy frex ,8,2,0
902,piab  3 0,piab ,3,0,0
903,BEPE piab  3 0,BEPE piab ,3,0,0
904,FREX piab  5 0,FREX piab ,5,0,0
905,piab fasy acps  9 2,piab fasy acps ,9,2,0
906,abal lade fasy  10 2,abal lade fasy ,10,2,0
907,piab lade  11 1,piab lade ,11,1,0
908,PIAB bepe  9 1,PIAB bepe ,9,1,0
909,piab bepe  10 1,piab bepe ,10,1,0
910,piab fasy  3 0,piab fasy ,3,0,0
911,piab lade frex  5 0,piab lade frex ,5,0,0
912,piab acps  9 1,piab acps ,9,1,0
913,bepe  3 0,bepe ,3,0,0
914,PIAB frex  8 2,PIAB frex ,8,2,0
915,ABAL fasy  8 1,ABAL fasy ,8,1,0
916,piab  11 2,piab ,11,2,0
917,piab fasy frex  7 2,piab fasy frex ,7,2,0
918,frex  4 0,frex ,4,0,0
919,piab  4 0,piab ,4,0,0
920,LADE piab  8 2,LADE piab ,8,2,0
921,FREX piab  5 1,FREX piab ,5,1,0
922,FREX piab  9 1,FREX piab ,9,1,0
923,FREX piab  4 1,FREX piab ,4,1,0
924,lade fasy bepe  9 1,lade fasy bepe ,9,1,0
925,piab lade fasy  2 0,piab lade fasy ,2,0,0
926,piab frex bepe  10 1,piab frex bepe ,10,1,0
927,piab acps  9 2,piab acps ,9,2,0
928,FREX lade  7 1,FREX lade ,7,1,0
929,piab frex  5 1,piab frex ,5,1,0
930,abal lade fasy  8 2,abal lade fasy ,8,2,0
931,piab lade frex  11 1,piab lade frex ,11,1,0
932,piab frex bepe  4 0,piab frex bepe ,4,0,0
933,SACA  1 0,SACA ,1,0,0
934,piab frex  4 1,piab frex ,4,1,0
935,frex  4 1,frex ,4,1,0
936,piab frex  3 1,piab frex ,3,1,0
937,FASY abal  9 2,FASY abal ,9,2,0
938,piab abal  11 2,piab abal ,11,2,0
939,PIAB lade  2 0,PIAB lade ,2,0,0
940,piab lade frex  7 1,piab lade frex ,7,1,0
941,lade frex  5 1,lade frex ,5,1,0
942,piab  4 1,piab ,4,1,0
943,FASY  11 1,FASY ,11,1,0
944,piab fasy frex  4 1,piab fasy frex ,4,1,0
945,piab frex  9 2,piab frex ,9,2,0
946,ABAL  8 1,ABAL ,8,1,0
947,FASY piab  11 2,FASY piab ,11,2,0
948,PISY lade  7 1,PISY lade ,7,1,0
949,piab lade frex  5 1,piab lade frex ,5,1,0
950,FASY pisy  6 1,FASY pisy ,6,1,0
951,piab frex  10 2,piab frex ,10,2,0
952,LADE bepe  8 1,LADE bepe ,8,1,0
953,fasy  3 0,fasy ,3,0,0
954,fasy frex  10 2,fasy frex ,10,2,0
955,LADE piab  4 0,LADE piab ,4,0,0
956,piab  5 1,piab ,5,1,0
957,piab bepe  4 1,piab bepe ,4,1,0
958,FASY abal  9 1,FASY abal ,9,1,0
959,fasy frex  4 1,fasy frex ,4,1,0
960,piab fasy frex  11 2,piab fasy frex ,11,2,0
961,PIAB lade  3 0,PIAB lade ,3,0,0
962,PIAB lade  11 1,PIAB lade ,11,1,0
963,piab lade frex  6 1,piab lade frex ,6,1,0
964,PIAB lade  5 0,PIAB lade ,5,0,0
965,PIAB frex  9 2,PIAB frex ,9,2,0
966,fasy  11 2,fasy ,11,2,0
967,piab lade fasy  4 0,piab lade fasy ,4,0,0
968,lade fasy frex  9 2,lade fasy frex ,9,2,0
969,piab frex  11 2,piab frex ,11,2,0
970,piab frex alin  6 1,piab frex alin ,6,1,0
971,frex  5 1,frex ,5,1,0
972,fasy frex  9 2,fasy frex ,9,2,0
973,piab fasy frex  10 2,piab fasy frex ,10,2,0
974,piab lade frex  9 2,piab lade frex ,9,2,0
975,PIAB bepe  10 1,PIAB bepe ,10,1,0
976,ACPS  7 2,ACPS ,7,2,0
977,pisy  9 1,pisy ,9,1,0
978,lade pisy fasy  8 2,lade pisy fasy ,8,2,0
979,piab lade bepe  10 1,piab lade bepe ,10,1,0
980,PIAB lade  11 2,PIAB lade ,11,2,0
981,frex  6 1,frex ,6,1,0
982,piab  12 2,piab ,12,2,0
983,LADE piab  9 2,LADE piab ,9,2,0
984,pisy  8 2,pisy ,8,2,0
985,piab frex  6 2,piab frex ,6,2,0
986,PISY fasy  7 2,PISY fasy ,7,2,0
987,PIAB fasy  3 0,PIAB fasy ,3,0,0
988,piab lade fasy  11 2,piab lade fasy ,11,2,0
989,abal fasy  11 1,abal fasy ,11,1,0
990,PIAB lade  4 0,PIAB lade ,4,0,0
991,piab frex  5 2,piab frex ,5,2,0
992,PISY  4 2,PISY ,4,2,0
993,PIAB frex  11 2,PIAB frex ,11,2,0
994,piab lade frex  11 2,piab lade frex ,11,2,0
995,piab fasy frex  6 2,piab fasy frex ,6,2,0
996,piab lade fasy frex  9 2,piab lade fasy frex ,9,2,0
997,FASY frex  8 2,FASY frex ,8,2,0
998,pisy fasy  10 2,pisy fasy ,10,2,0
999,piab lade  11 2,piab lade ,11,2,0
1000,fasy  5 2,fasy ,5,2,0
1001,FASY pisy  9 1,FASY pisy ,9,1,0
1002,lade fasy frex  8 2,lade fasy frex ,8,2,0
1003,piab fasy bepe  10 1,piab fasy bepe ,10,1,0
1004,PIAB acps  8 1,PIAB acps ,8,1,0
1005,piab bepe  9 2,piab bepe ,9,2,0
1006,FREX  10 1,FREX ,10,1,0
1007,lade frex  9 2,lade frex ,9,2,0
1008,PIAB bepe  10 2,PIAB bepe ,10,2,0
1009,lade fasy frex  10 2,lade fasy frex ,10,2,0
1010,PIAB frex  6 2,PIAB frex ,6,2,0
1011,piab pisy fasy  10 2,piab pisy fasy ,10,2,0
1012,lade frex  7 2,lade frex ,7,2,0
1013,piab lade frex  8 2,piab lade frex ,8,2,0
1014,acps  8 1,acps ,8,1,0
1015,FASY  11 2,FASY ,11,2,0
1016,fasy  4 2,fasy ,4,2,0
1017,FASY pisy  8 2,FASY pisy ,8,2,0
1018,FASY piab  11 1,FASY piab ,11,1,0
1019,PISY piab  8 2,PISY piab ,8,2,0
1020,piab abal fasy  11 2,piab abal fasy ,11,2,0
1021,LADE  8 2,LADE ,8,2,0
1022,lade  8 2,lade ,8,2,0
1023,piab lade frex  10 2,piab lade frex ,10,2,0
1024,piab fasy  12 2,piab fasy ,12,2,0
1025,fasy acps  10 2,fasy acps ,10,2,0
1026,PISY piab  9 2,PISY piab ,9,2,0
1027,FREX piab  10 1,FREX piab ,10,1,0
1028,piab bepe  11 1,piab bepe ,11,1,0
1029,PIAB  12 2,PIAB ,12,2,0
1030,FREX piab  6 0,FREX piab ,6,0,0
1031,PISY  8 2,PISY ,8,2,0
1032,LADE  10 2,LADE ,10,2,0
1033,lade frex  8 2,lade frex ,8,2,0
1034,PIAB abal  9 1,PIAB abal ,9,1,0
1035,PISY piab  9 1,PISY piab ,9,1,0
1036,FASY pisy  9 2,FASY pisy ,9,2,0
1037,lade  9 2,lade ,9,2,0
1038,piab acps  10 2,piab acps ,10,2,0
1039,LADE piab  10 2,LADE piab ,10,2,0
1040,lade frex  10 2,lade frex ,10,2,0
1041,FASY acps  10 2,FASY acps ,10,2,0
1042,PIAB frex  6 0,PIAB frex ,6,0,0
1043,FREX fasy  4 1,FREX fasy ,4,1,0
1044,piab abal lade fasy  9 2,piab abal lade fasy ,9,2,0
1045,piab lade  12 2,piab lade ,12,2,0
1046,PISY  9 1,PISY ,9,1,0
1047,pisy  9 2,pisy ,9,2,0
1048,piab abal lade  10 2,piab abal lade ,10,2,0
1049,fasy frex  5 2,fasy frex ,5,2,0
1050,FASY frex  9 2,FASY frex ,9,2,0
1051,lade  10 2,lade ,10,2,0
1052,FREX piab  6 1,FREX piab ,6,1,0
1053,LADE piab  11 1,LADE piab ,11,1,0
1054,FASY abal  10 2,FASY abal ,10,2,0
1055,piab lade fasy frex  10 2,piab lade fasy frex ,10,2,0
1056,FASY  11 0,FASY ,11,0,0
1057,lade  11 2,lade ,11,2,0
1058,abal frex  9 1,abal frex ,9,1,0
1059,fasy frex  7 2,fasy frex ,7,2,0
1060,FREX  4 2,FREX ,4,2,0
1061,frex  9 2,frex ,9,2,0
1062,PIAB fasy  12 2,PIAB fasy ,12,2,0
1063,LADE  9 2,LADE ,9,2,0
1064,PIAB acps  10 2,PIAB acps ,10,2,0
1065,fasy frex  4 2,fasy frex ,4,2,0
1066,PIAB  12 1,PIAB ,12,1,0
1067,ABAL fasy  8 2,ABAL fasy ,8,2,0
1068,PIAB lade  12 2,PIAB lade ,12,2,0
1069,PIAB abal  11 2,PIAB abal ,11,2,0
1070,FASY  12 2,FASY ,12,2,0
1071,PISY  9 2,PISY ,9,2,0
1072,abal fasy  11 2,abal fasy ,11,2,0
1073,lade fasy  11 2,lade fasy ,11,2,0
1074,lade pisy fasy  9 2,lade pisy fasy ,9,2,0
1075,FASY frex  5 2,FASY frex ,5,2,0
1076,lade pisy  9 2,lade pisy ,9,2,0
1077,PISY fasy  8 2,PISY fasy ,8,2,0
1078,abal  10 2,abal ,10,2,0
1079,lade  7 2,lade ,7,2,0
1080,FASY  4 2,FASY ,4,2,0
1081,piab fasy acps  10 2,piab fasy acps ,10,2,0
1082,piab lade fasy  12 2,piab lade fasy ,12,2,0
1083,PIAB pisy  10 2,PIAB pisy ,10,2,0
1084,FASY frex  6 2,FASY frex ,6,2,0
1085,LADE piab  11 2,LADE piab ,11,2,0
1086,piab abal  12 2,piab abal ,12,2,0
1087,piab lade pisy fasy  8 2,piab lade pisy fasy ,8,2,0
1088,FASY pisy  10 2,FASY pisy ,10,2,0
1089,fasy frex  6 2,fasy frex ,6,2,0
1090,FASY abal  11 2,FASY abal ,11,2,0
1091,PIAB  13 2,PIAB ,13,2,0
1092,PIAB  13 1,PIAB ,13,1,0
1093,piab pisy  11 2,piab pisy ,11,2,0
1094,piab pisy fasy  11 2,piab pisy fasy ,11,2,0
1095,PIAB pisy  11 2,PIAB pisy ,11,2,0
1096,PIAB fasy  12 1,PIAB fasy ,12,1,0
1097,FASY pisy  7 2,FASY pisy ,7,2,0
1098,piab abal fasy  12 2,piab abal fasy ,12,2,0
1099,PIAB abal  12 2,PIAB abal ,12,2,0
1100,PIAB fasy  13 2,PIAB fasy ,13,2,0
1101,piab abal fasy  11 1,piab abal fasy ,11,1,0
1102,FASY piab  12 2,FASY piab ,12,2,0
1103,piab fasy  13 1,piab fasy ,13,1,0
1104,piab fasy  13 2,piab fasy ,13,2,0
1105,FASY qupe  5 1,FASY qupe ,5,1,0
1106,FASY qupe  5 2,FASY qupe ,5,2,0
1107,fasy  12 2,fasy ,12,2,0
1108,FASY abal  10 1,FASY abal ,10,1,0
1109,FASY qupe  6 2,FASY qupe ,6,2,0
1110,PIAB  12 0,PIAB ,12,0,0
1111,FASY abal  11 1,FASY abal ,11,1,0
1112,FASY piab  4 2,FASY piab ,4,2,0
1113,FASY piab  13 2,FASY piab ,13,2,0
1114,piab abal fasy  12 1,piab abal fasy ,12,1,0
1115,FASY  13 2,FASY ,13,2,0
1116,PIAB fasy  13 1,PIAB fasy ,13,1,0
1117,FASY  12 1,FASY ,12,1,0
1118,FASY piab  12 1,FASY piab ,12,1,0
1119,abal fasy  12 2,abal fasy ,12,2,0
1120,FASY qupe  8 1,FASY qupe ,8,1,0
1121,FASY qupe  8 2,FASY qupe ,8,2,0
1122,fasy qupe  8 1,fasy qupe ,8,1,0
1123,fasy qupe  8 2,fasy qupe ,8,2,0
1124,FASY qupe  9 2,FASY qupe ,9,2,0
1125,FASY qupe  9 1,FASY qupe ,9,1,0
1126,FASY qupe  7 1,FASY qupe ,7,1,0
1127,fasy qupe  7 1,fasy qupe ,7,1,0
1128,piab abal  12 1,piab abal ,12,1,0
1129,piab  13 2,piab ,13,2,0
1130,FASY abal  12 2,FASY abal ,12,2,0
1131,PISY  3 2,PISY ,3,2,0
1132,piab abal lade fasy  7 2,piab abal lade fasy ,7,2,0
1133,FREX piab  9 0,FREX piab ,9,0,0
1134,fasy  2 0,fasy ,2,0,0
1135,lade  2 0,lade ,2,0,0
1136,lade  3 0,lade ,3,0,0
1137,lade  4 0,lade ,4,0,0
1138,ACPS fasy  7 2,ACPS fasy ,7,2,0
1139,piab bepe  10 2,piab bepe ,10,2,0
1140,FASY acps  9 2,FASY acps ,9,2,0
1141,FASY abal  5 2,FASY abal ,5,2,0
1142,PIAB pisy  10 1,PIAB pisy ,10,1,0
1143,PIAB abal  10 1,PIAB abal ,10,1,0
1144,PIAB  14 2,PIAB ,14,2,0
1145,ABAL fasy  9 2,ABAL fasy ,9,2,0
1146,FASY qupe  7 2,FASY qupe ,7,2,0
1147,bepe  8 1,bepe ,8,1,0
1148,FASY  3 2,FASY ,3,2,0
1149,fasy qupe  5 1,fasy qupe ,5,1,0
1150,piab lade pisy fasy  9 2,piab lade pisy fasy ,9,2,0
1151,FREX piab  11 1,FREX piab ,11,1,0
1152,PISY fasy  9 2,PISY fasy ,9,2,0
1153,fasy qupe  9 2,fasy qupe ,9,2,0
1154,fasy qupe  5 2,fasy qupe ,5,2,0
1155,fasy qupe  7 2,fasy qupe ,7,2,0
1156,fasy qupe  10 2,fasy qupe ,10,2,0
1157,FASY qupe  6 1,FASY qupe ,6,1,0
1158,FASY piab  3 1,FASY piab ,3,1,0
1159,fasy qupe  6 2,fasy qupe ,6,2,0
1160,fasy qupe  6 1,fasy qupe ,6,1,0
1161,FASY qupe  10 2,FASY qupe ,10,2,0
1162,fasy qupe  9 1,fasy qupe ,9,1,0
1163,piab abal fasy  13 2,piab abal fasy ,13,2,0
1164,FASY quro  9 2,FASY quro ,9,2,0
1165,piab fasy pini  6 1,piab fasy pini ,6,1,0
1166,piab fasy pini  6 2,piab fasy pini ,6,2,0
1167,piab fasy qupe  9 2,piab fasy qupe ,9,2,0
1168,FASY quro  8 1,FASY quro ,8,1,0
1169,FASY quro  8 2,FASY quro ,8,2,0
1170,piab fasy qupe  10 2,piab fasy qupe ,10,2,0
1171,PIAB fasy  14 2,PIAB fasy ,14,2,0
1172,piab fasy  14 2,piab fasy ,14,2,0
1173,fasy pini  6 1,fasy pini ,6,1,0
1174,fasy pini  6 2,fasy pini ,6,2,0
1175,FASY pini  6 2,FASY pini ,6,2,0
1176,FASY pini  5 2,FASY pini ,5,2,0
1177,piab fasy qupe  7 1,piab fasy qupe ,7,1,0
1178,piab fasy qupe  7 2,piab fasy qupe ,7,2,0
1179,piab qupe  9 1,piab qupe ,9,1,0
1180,piab fasy  3 1,piab fasy ,3,1,0
1181,piab fasy qupe  8 2,piab fasy qupe ,8,2,0
1182,piab fasy qupe  11 1,piab fasy qupe ,11,1,0
1183,FASY pini  7 2,FASY pini ,7,2,0
1184,piab fasy qupe  11 2,piab fasy qupe ,11,2,0
1185,fasy pini  7 2,fasy pini ,7,2,0
1186,fasy quro  9 2,fasy quro ,9,2,0
1187,piab fasy quro  10 1,piab fasy quro ,10,1,0
1188,FASY qupe  11 2,FASY qupe ,11,2,0
1189,piab fasy qupe  10 1,piab fasy qupe ,10,1,0
1190,FASY pini  6 1,FASY pini ,6,1,0
1191,abal fasy qupe  8 2,abal fasy qupe ,8,2,0
1192,fasy qupe  11 2,fasy qupe ,11,2,0
1193,piab fasy pini  5 1,piab fasy pini ,5,1,0
1194,piab qupe  10 1,piab qupe ,10,1,0
1195,fasy pini  5 1,fasy pini ,5,1,0
1196,fasy qupe  10 1,fasy qupe ,10,1,0
1197,piab qupe  5 1,piab qupe ,5,1,0
1198,piab qupe  6 1,piab qupe ,6,1,0
1199,piab qupe  10 2,piab qupe ,10,2,0
1200,piab fasy pini  5 2,piab fasy pini ,5,2,0
1201,piab qupe  7 1,piab qupe ,7,1,0
1202,fasy qupe  11 1,fasy qupe ,11,1,0
1203,piab qupe  7 2,piab qupe ,7,2,0
1204,piab qupe  8 2,piab qupe ,8,2,0
1205,fasy pini  5 2,fasy pini ,5,2,0
1206,piab fasy qupe  6 1,piab fasy qupe ,6,1,0
1207,piab qupe  9 2,piab qupe ,9,2,0
1208,QUPE piab  10 2,QUPE piab ,10,2,0
1209,piab fasy qupe  8 1,piab fasy qupe ,8,1,0
1210,piab qupe  11 1,piab qupe ,11,1,0
1211,fasy quro  8 1,fasy quro ,8,1,0
1212,QUPE fasy  8 2,QUPE fasy ,8,2,0
1213,piab fasy qupe  9 1,piab fasy qupe ,9,1,0
1214,piab qupe  11 2,piab qupe ,11,2,0
1215,PIAB qupe  11 1,PIAB qupe ,11,1,0
1216,PIAB qupe  11 2,PIAB qupe ,11,2,0
1217,fasy quro  9 1,fasy quro ,9,1,0
1218,piab fasy quro  12 2,piab fasy quro ,12,2,0
1219,fasy quro  6 2,fasy quro ,6,2,0
1220,QUPE  8 1,QUPE ,8,1,0
1221,PIAB qupe  10 1,PIAB qupe ,10,1,0
1222,piab qupe  8 1,piab qupe ,8,1,0
1223,piab fasy qupe  12 2,piab fasy qupe ,12,2,0
1224,piab quro  9 2,piab quro ,9,2,0
1225,piab fasy pini  7 1,piab fasy pini ,7,1,0
1226,QUPE  8 2,QUPE ,8,2,0
1227,piab fasy pini  7 2,piab fasy pini ,7,2,0
1228,QUPE  9 1,QUPE ,9,1,0
1229,piab fasy pini  8 1,piab fasy pini ,8,1,0
1230,fasy quro qupe  9 2,fasy quro qupe ,9,2,0
1231,fasy qupe pini  7 2,fasy qupe pini ,7,2,0
1232,QUPE  9 2,QUPE ,9,2,0
1233,qupe  9 1,qupe ,9,1,0
1234,quro qupe  9 2,quro qupe ,9,2,0
1235,quro qupe  8 2,quro qupe ,8,2,0
1236,fasy quro qupe  8 2,fasy quro qupe ,8,2,0
1237,FASY qupe  10 1,FASY qupe ,10,1,0
1238,piab qupe  12 2,piab qupe ,12,2,0
1239,QUPE  11 1,QUPE ,11,1,0
1240,QUPE  10 1,QUPE ,10,1,0
1241,QUPE  10 2,QUPE ,10,2,0
1242,PIAB qupe  10 2,PIAB qupe ,10,2,0
1243,qupe  9 2,qupe ,9,2,0
1244,FASY pini  8 2,FASY pini ,8,2,0
1245,fasy pini  8 1,fasy pini ,8,1,0
1246,QUPE  6 1,QUPE ,6,1,0
1247,piab fasy quro  9 2,piab fasy quro ,9,2,0
1248,piab quro qupe  9 2,piab quro qupe ,9,2,0
1249,QUPE fasy  9 2,QUPE fasy ,9,2,0
1250,fasy quro  8 2,fasy quro ,8,2,0
1251,fasy pini  8 2,fasy pini ,8,2,0
1252,fasy pini  9 1,fasy pini ,9,1,0
1253,fasy pini  9 2,fasy pini ,9,2,0
1254,piab fasy pini  9 2,piab fasy pini ,9,2,0
1255,piab quro qupe  9 1,piab quro qupe ,9,1,0
1256,fasy pini  7 1,fasy pini ,7,1,0
1257,piab quro qupe  8 1,piab quro qupe ,8,1,0
1258,piab quro qupe  8 2,piab quro qupe ,8,2,0
1259,quro qupe  8 1,quro qupe ,8,1,0
1260,piab fasy quro qupe  10 2,piab fasy quro qupe ,10,2,0
1261,piab quro qupe  10 2,piab quro qupe ,10,2,0
1262,fasy quro qupe  7 2,fasy quro qupe ,7,2,0
1263,QUPE fasy  7 2,QUPE fasy ,7,2,0
1264,piab fasy quro  10 2,piab fasy quro ,10,2,0
1265,PINI fasy  6 2,PINI fasy ,6,2,0
1266,QUPE  5 2,QUPE ,5,2,0
1267,FASY pini  5 1,FASY pini ,5,1,0
1268,QUPE piab  7 1,QUPE piab ,7,1,0
1269,QUPE piab  7 2,QUPE piab ,7,2,0
1270,QUPE piab  8 2,QUPE piab ,8,2,0
1271,FASY quro  9 1,FASY quro ,9,1,0
1272,QUPE  7 2,QUPE ,7,2,0
1273,QUPE  7 1,QUPE ,7,1,0
1274,PIAB qupe  8 1,PIAB qupe ,8,1,0
1275,PIAB qupe  9 1,PIAB qupe ,9,1,0
1276,PIAB qupe  9 2,PIAB qupe ,9,2,0
1277,FASY quro  7 2,FASY quro ,7,2,0
1278,abal fasy qupe  9 2,abal fasy qupe ,9,2,0
1279,FASY quro  10 2,FASY quro ,10,2,0
1280,fasy pini  10 2,fasy pini ,10,2,0
1281,quro qupe  6 1,quro qupe ,6,1,0
1282,QUPE quro  7 2,QUPE quro ,7,2,0
1283,fasy quro  10 2,fasy quro ,10,2,0
1284,piab fasy quro  9 1,piab fasy quro ,9,1,0
1285,piab fasy quro  8 2,piab fasy quro ,8,2,0
1286,piab quro qupe  10 1,piab quro qupe ,10,1,0
1287,fasy quro  10 1,fasy quro ,10,1,0
1288,QUPE  6 2,QUPE ,6,2,0
1289,qupe  6 2,qupe ,6,2,0
1290,piab fasy pini  9 1,piab fasy pini ,9,1,0
1291,qupe  7 2,qupe ,7,2,0
1292,quro qupe  10 2,quro qupe ,10,2,0
1293,QUPE pini  7 2,QUPE pini ,7,2,0
1294,piab quro  8 2,piab quro ,8,2,0
1295,qupe pini  7 2,qupe pini ,7,2,0
1296,qupe pini  6 2,qupe pini ,6,2,0
1297,piab quro  8 1,piab quro ,8,1,0
1298,qupe  10 2,qupe ,10,2,0
1299,qupe  8 2,qupe ,8,2,0
1300,quro qupe  6 2,quro qupe ,6,2,0
1301,piab fasy quro  11 2,piab fasy quro ,11,2,0
1302,fasy qupe  12 2,fasy qupe ,12,2,0
1303,piab quro  10 2,piab quro ,10,2,0
1304,quro qupe  11 2,quro qupe ,11,2,0
1305,piab fasy qupe  12 1,piab fasy qupe ,12,1,0
1306,piab quro qupe  11 2,piab quro qupe ,11,2,0
1307,fasy quro qupe  11 2,fasy quro qupe ,11,2,0
1308,QURO  10 2,QURO ,10,2,0
1309,piab qupe  12 1,piab qupe ,12,1,0
1310,piab quro qupe  12 2,piab quro qupe ,12,2,0
1311,fasy qupe  13 2,fasy qupe ,13,2,0
1312,PIAB qupe  12 2,PIAB qupe ,12,2,0
1313,QUPE quro  9 2,QUPE quro ,9,2,0
1314,piab qupe  13 2,piab qupe ,13,2,0
1315,PIAB qupe  13 2,PIAB qupe ,13,2,0
1316,piab quro  12 2,piab quro ,12,2,0
1317,QUPE quro  10 2,QUPE quro ,10,2,0
1318,piab fasy qupe  13 2,piab fasy qupe ,13,2,0
1319,quro qupe  7 2,quro qupe ,7,2,0
1320,QUPE piab  11 2,QUPE piab ,11,2,0
1321,piab pini  8 1,piab pini ,8,1,0
1322,qupe  11 2,qupe ,11,2,0
1323,quro qupe  7 1,quro qupe ,7,1,0
1324,piab pini  8 2,piab pini ,8,2,0
1325,piab quro  11 2,piab quro ,11,2,0
1326,piab quro qupe  13 2,piab quro qupe ,13,2,0
1327,qupe  13 2,qupe ,13,2,0
1328,qupe  12 2,qupe ,12,2,0
1329,fasy quro qupe  10 2,fasy quro qupe ,10,2,0
1330,QUPE  12 2,QUPE ,12,2,0
1331,QUPE  11 2,QUPE ,11,2,0
1332,qupe pini  8 2,qupe pini ,8,2,0
1333,QUPE piab  8 1,QUPE piab ,8,1,0
1334,QUPE  13 2,QUPE ,13,2,0
1335,piab qupe pini  6 2,piab qupe pini ,6,2,0
1336,QUPE piab  9 2,QUPE piab ,9,2,0
1337,QUPE piab  9 1,QUPE piab ,9,1,0
1338,QUPE piab  12 2,QUPE piab ,12,2,0
1339,QUPE quro  11 2,QUPE quro ,11,2,0
1340,piab qupe  6 2,piab qupe ,6,2,0
1341,QUPE fasy  10 2,QUPE fasy ,10,2,0
1342,QUPE  5 1,QUPE ,5,1,0
1343,piab pini  9 1,piab pini ,9,1,0
1344,piab qupe pini  7 2,piab qupe pini ,7,2,0
1345,piab qupe pini  8 2,piab qupe pini ,8,2,0
1346,piab pini  9 2,piab pini ,9,2,0
1347,QUPE piab  6 2,QUPE piab ,6,2,0
1348,PIAB pini  9 2,PIAB pini ,9,2,0
1349,QUPE piab  13 2,QUPE piab ,13,2,0
1350,PIAB qupe  8 2,PIAB qupe ,8,2,0
1351,piab fasy qupe pini  10 2,piab fasy qupe pini ,10,2,0
1352,qupe  8 1,qupe ,8,1,0
1353,piab qupe pini  10 2,piab qupe pini ,10,2,0
1354,QUPE piab  10 1,QUPE piab ,10,1,0
1355,PIAB qupe  14 2,PIAB qupe ,14,2,0
1356,QUPE quro  8 2,QUPE quro ,8,2,0
1357,PIAB qupe  7 1,PIAB qupe ,7,1,0
1358,piab quro qupe  7 2,piab quro qupe ,7,2,0
1359,piab quro  9 1,piab quro ,9,1,0
1360,piab quro  7 1,piab quro ,7,1,0
1361,piab fasy pini  10 2,piab fasy pini ,10,2,0
1362,piab pini  10 2,piab pini ,10,2,0
1363,QUPE piab  11 1,QUPE piab ,11,1,0
1364,piab qupe pini  9 2,piab qupe pini ,9,2,0
1365,piab qupe pini  9 1,piab qupe pini ,9,1,0
1366,abal fasy qupe  10 2,abal fasy qupe ,10,2,0
1367,abal qupe  10 2,abal qupe ,10,2,0
1368,abal qupe  12 2,abal qupe ,12,2,0
1369,piab quro  10 1,piab quro ,10,1,0
1370,fasy qupe pini  10 2,fasy qupe pini ,10,2,0
1371,piab fasy pini  8 2,piab fasy pini ,8,2,0
1372,fasy quro qupe  10 1,fasy quro qupe ,10,1,0
1373,piab fasy pini  10 1,piab fasy pini ,10,1,0
1374,PINI piab  6 2,PINI piab ,6,2,0
1375,PINI piab  7 2,PINI piab ,7,2,0
1376,piab pini  7 2,piab pini ,7,2,0
1377,PIAB  14 1,PIAB ,14,1,0
1378,PINI  6 2,PINI ,6,2,0
1379,PIAB quro  11 2,PIAB quro ,11,2,0
1380,piab pini  6 2,piab pini ,6,2,0
1381,qupe pini  9 2,qupe pini ,9,2,0
1382,fasy quro pini  8 2,fasy quro pini ,8,2,0
1383,FASY pini  9 2,FASY pini ,9,2,0
1384,PIAB pini  8 1,PIAB pini ,8,1,0
1385,quro qupe pini  6 2,quro qupe pini ,6,2,0
1386,PIAB pini  8 2,PIAB pini ,8,2,0
1387,piab pini  7 1,piab pini ,7,1,0
1388,fasy qupe pini  8 2,fasy qupe pini ,8,2,0
1389,PINI qupe  6 2,PINI qupe ,6,2,0
1390,piab qupe pini  8 1,piab qupe pini ,8,1,0
1391,piab fasy qupe pini  8 2,piab fasy qupe pini ,8,2,0
1392,qupe pini  10 2,qupe pini ,10,2,0
1393,fasy qupe pini  9 2,fasy qupe pini ,9,2,0
1394,piab fasy qupe pini  9 2,piab fasy qupe pini ,9,2,0
1395,piab fasy qupe pini  7 2,piab fasy qupe pini ,7,2,0
1396,quro qupe  5 1,quro qupe ,5,1,0
1397,QUPE pini  8 2,QUPE pini ,8,2,0
1398,piab pini  10 1,piab pini ,10,1,0
1399,qupe pini  5 2,qupe pini ,5,2,0
1400,pini  6 2,pini ,6,2,0
1401,pini  8 2,pini ,8,2,0
1402,PINI  9 2,PINI ,9,2,0
1403,piab qupe pini  7 1,piab qupe pini ,7,1,0
1404,PINI  8 2,PINI ,8,2,0
1405,piab pini  6 1,piab pini ,6,1,0
1406,piab pini  11 2,piab pini ,11,2,0
1407,pini  7 2,pini ,7,2,0
1408,PIAB pini  10 2,PIAB pini ,10,2,0
1409,piab qupe pini  11 2,piab qupe pini ,11,2,0
1410,QUPE pini  9 2,QUPE pini ,9,2,0
1411,PIAB quro  10 2,PIAB quro ,10,2,0
1412,PIAB pini  11 2,PIAB pini ,11,2,0
1413,piab fasy pini  11 2,piab fasy pini ,11,2,0
1414,PINI fasy  7 2,PINI fasy ,7,2,0
1415,qupe pini  7 1,qupe pini ,7,1,0
1416,PINI piab  8 2,PINI piab ,8,2,0
1417,PINI  7 2,PINI ,7,2,0
1418,PIAB pini  9 1,PIAB pini ,9,1,0
1500,Grass1,NA,NA,NA,1
1501,Grass2,NA,NA,NA,1
1502,Grass3,NA,NA,NA,1
1503,Grass4,NA,NA,NA,1
1504,Grass5,NA,NA,NA,1
