stateId,runId,composition,structure,fct,unique.str,unique.id,puniuqe.id,n
1,1,PIAB ,10,2,PIAB  10 2,1,1,362837
2,1,PIAB ,10,1,PIAB  10 1,2,2,49577
3,1,PIAB ,8,2,PIAB  8 2,3,3,96568
4,1,PIAB lade ,8,2,PIAB lade  8 2,4,4,2426
5,1,PIAB fasy ,10,2,PIAB fasy  10 2,5,5,141544
6,1,piab fasy ,9,1,piab fasy  9 1,6,6,62476
7,1,FASY ,9,1,FASY  9 1,7,7,42365
9,1,acps frex ,8,0,acps frex  8 0,9,8,10
10,1,piab fasy ,8,2,piab fasy  8 2,10,9,339717
11,1,PIAB ,7,2,PIAB  7 2,11,10,31771
12,1,fasy acps frex ,8,1,fasy acps frex  8 1,12,11,41
13,1,piab ,9,2,piab  9 2,13,12,9440
14,1,PIAB fasy ,9,2,PIAB fasy  9 2,14,13,91889
15,1,FASY ,8,2,FASY  8 2,15,14,3032558
16,1,piab fasy ,8,1,piab fasy  8 1,16,15,110265
17,1,fasy frex ,8,1,fasy frex  8 1,17,16,1363
18,1,PIAB ,7,1,PIAB  7 1,18,17,25579
19,1,piab fasy ,4,2,piab fasy  4 2,19,18,282
20,1,fasy ,9,1,fasy  9 1,20,19,7266
21,1,piab abal fasy ,9,1,piab abal fasy  9 1,21,20,772
22,1,fasy acps ,9,1,fasy acps  9 1,22,21,677
23,1,FASY piab ,9,1,FASY piab  9 1,23,22,10133
24,1,PIAB ,5,1,PIAB  5 1,24,23,2143
25,1,FASY ,8,1,FASY  8 1,25,24,66433
26,1,PIAB ,9,2,PIAB  9 2,26,25,211035
27,1,piab fasy ,9,2,piab fasy  9 2,27,26,702755
28,1,piab fasy ,10,2,piab fasy  10 2,28,27,661650
29,1,piab fasy ,10,1,piab fasy  10 1,29,28,15251
30,1,piab fasy ,9,0,piab fasy  9 0,30,29,1013
31,1,PIAB ,6,2,PIAB  6 2,31,30,6478
32,1,PIAB ,8,1,PIAB  8 1,32,31,45129
33,1,FASY ,9,0,FASY  9 0,33,32,848
34,1,FASY ,5,1,FASY  5 1,34,33,5985
35,1,piab fasy ,6,1,piab fasy  6 1,35,34,38833
36,1,piab fasy ,7,2,piab fasy  7 2,36,35,86260
37,1,PIAB ,10,0,PIAB  10 0,37,36,648
38,1,piab fasy ,7,1,piab fasy  7 1,38,37,81438
39,1,PIAB ,9,1,PIAB  9 1,39,38,56822
40,1,PIAB fasy ,9,1,PIAB fasy  9 1,40,39,15609
41,1,piab acps ,7,1,piab acps  7 1,41,40,107
42,1,pisy fasy ,9,1,pisy fasy  9 1,42,41,721
44,1,FASY ,7,1,FASY  7 1,44,42,46217
45,1,FASY ,6,1,FASY  6 1,45,43,13767
46,1,PIAB fasy ,8,1,PIAB fasy  8 1,46,44,20039
47,1,FASY piab ,7,1,FASY piab  7 1,47,45,20197
48,1,fasy ,10,1,fasy  10 1,48,46,1156
49,1,fasy frex ,9,1,fasy frex  9 1,49,47,804
50,1,FASY ,6,0,FASY  6 0,50,48,1429
51,1,FASY ,6,2,FASY  6 2,51,49,349813
52,1,FASY ,7,2,FASY  7 2,52,50,1055912
53,1,FASY frex ,7,0,FASY frex  7 0,53,51,61
54,1,piab fasy frex ,8,1,piab fasy frex  8 1,54,52,701
55,1,fasy frex ,6,1,fasy frex  6 1,55,53,329
56,1,FASY piab ,8,1,FASY piab  8 1,56,54,23750
57,1,piab ,7,1,piab  7 1,57,55,1991
58,1,FREX ,1,0,FREX  1 0,58,56,1639
59,1,piab pisy fasy ,7,1,piab pisy fasy  7 1,59,57,2048
60,1,piab fasy ,5,1,piab fasy  5 1,60,58,16386
61,1,fasy frex ,7,1,fasy frex  7 1,61,59,808
62,1,fasy alin ,7,1,fasy alin  7 1,62,60,14
63,1,piab pisy ,7,1,piab pisy  7 1,63,61,2262
64,1,fasy acps ,8,1,fasy acps  8 1,64,62,979
65,1,FASY acps ,6,1,FASY acps  6 1,65,63,113
66,1,PIAB fasy ,10,1,PIAB fasy  10 1,66,64,6956
67,1,FASY frex ,6,0,FASY frex  6 0,67,65,77
68,1,fasy acps ,7,1,fasy acps  7 1,68,66,855
69,1,FASY frex ,6,1,FASY frex  6 1,69,67,85
70,1,fasy frex ,6,0,fasy frex  6 0,70,68,266
71,1,fasy acps ,5,0,fasy acps  5 0,71,69,74
72,1,FASY ,5,0,FASY  5 0,72,70,619
73,1,fasy ,8,1,fasy  8 1,73,71,12167
74,1,fasy ,7,1,fasy  7 1,74,72,6200
75,1,PIAB fasy ,8,2,PIAB fasy  8 2,75,73,36837
76,1,FASY ,8,0,FASY  8 0,76,74,2390
77,1,piab ,7,2,piab  7 2,77,75,1522
78,1,piab fasy ,7,0,piab fasy  7 0,78,76,1824
79,1,FASY piab ,5,2,FASY piab  5 2,79,77,9765
80,1,FASY piab ,6,1,FASY piab  6 1,80,78,13753
81,1,piab fasy ,6,2,piab fasy  6 2,81,79,22151
82,1,PIAB fasy ,7,1,PIAB fasy  7 1,82,80,11493
83,1,FASY ,7,0,FASY  7 0,83,81,2555
84,1,PIAB frex ,4,0,PIAB frex  4 0,84,82,99
85,1,piab frex ,5,0,piab frex  5 0,85,83,292
86,1,FASY acps ,5,0,FASY acps  5 0,86,84,72
87,1,PIAB fasy ,7,2,PIAB fasy  7 2,87,85,8122
88,1,FASY piab ,8,2,FASY piab  8 2,88,86,240220
89,1,piab lade ,8,1,piab lade  8 1,89,87,11649
90,1,abal fasy ,7,1,abal fasy  7 1,90,88,1868
91,1,piab fasy ,5,0,piab fasy  5 0,91,89,395
92,1,lade fasy ,8,1,lade fasy  8 1,92,90,7801
93,1,piab lade fasy ,8,1,piab lade fasy  8 1,93,91,7798
94,1,piab lade ,7,1,piab lade  7 1,94,92,5799
95,1,LADE ,5,0,LADE  5 0,95,93,366
96,1,piab lade fasy ,8,2,piab lade fasy  8 2,96,94,8381
97,1,lade fasy ,7,0,lade fasy  7 0,97,95,937
98,1,FASY ,10,1,FASY  10 1,98,96,5685
99,1,FASY piab ,7,2,FASY piab  7 2,99,97,85223
100,1,LADE ,7,1,LADE  7 1,100,98,1827
101,1,lade fasy acps ,6,0,lade fasy acps  6 0,101,99,17
102,1,FASY ,10,0,FASY  10 0,102,100,158
103,1,piab lade fasy ,10,0,piab lade fasy  10 0,103,101,48
104,1,piab acps ,5,1,piab acps  5 1,104,102,11
105,1,LADE ,6,0,LADE  6 0,105,103,936
106,1,piab lade ,8,0,piab lade  8 0,106,104,960
107,1,piab lade ,6,0,piab lade  6 0,107,105,429
108,1,PIAB lade ,6,0,PIAB lade  6 0,108,106,61
109,1,PIAB ,6,1,PIAB  6 1,109,107,8146
110,1,PIAB ,5,2,PIAB  5 2,110,108,1040
111,1,FASY frex ,8,0,FASY frex  8 0,111,109,71
112,1,PIAB lade ,8,1,PIAB lade  8 1,112,110,2861
113,1,PIAB lade ,6,1,PIAB lade  6 1,113,111,463
114,1,piab ,8,1,piab  8 1,114,112,2893
115,1,PIAB frex ,5,1,PIAB frex  5 1,115,113,63
116,1,piab fasy ,4,1,piab fasy  4 1,116,114,3306
117,1,PIAB ,7,0,PIAB  7 0,117,115,2104
118,1,PIAB lade ,7,1,PIAB lade  7 1,118,116,1740
119,1,piab fasy ,6,0,piab fasy  6 0,119,117,723
120,1,FASY lade ,7,1,FASY lade  7 1,120,118,466
121,1,PIAB ,1,0,PIAB  1 0,121,119,895
122,1,piab lade ,7,0,piab lade  7 0,122,120,1042
123,1,FASY acps ,7,1,FASY acps  7 1,123,121,226
125,1,fasy acps ,7,2,fasy acps  7 2,125,122,196
126,1,fasy acps ,6,1,fasy acps  6 1,126,123,321
127,1,PIAB abal ,7,1,PIAB abal  7 1,127,124,123
128,1,piab fasy acps ,8,1,piab fasy acps  8 1,128,125,281
129,1,fasy ,6,1,fasy  6 1,129,126,959
130,1,piab abal fasy ,7,1,piab abal fasy  7 1,130,127,902
131,1,piab fasy ,8,0,piab fasy  8 0,131,128,2012
132,1,piab fasy acps ,7,2,piab fasy acps  7 2,132,129,79
133,1,piab fasy acps ,8,2,piab fasy acps  8 2,133,130,239
134,1,PIAB fasy ,8,0,PIAB fasy  8 0,134,131,221
135,1,FASY piab ,6,0,FASY piab  6 0,135,132,167
136,1,pisy fasy ,7,1,pisy fasy  7 1,136,133,2355
137,1,piab fasy acps ,7,1,piab fasy acps  7 1,137,134,420
139,1,PISY ,5,1,PISY  5 1,139,135,408
140,1,PISY ,6,1,PISY  6 1,140,136,1000
141,1,piab acps ,7,2,piab acps  7 2,141,137,24
142,1,pisy ,6,1,pisy  6 1,142,138,286
143,1,pisy fasy ,6,1,pisy fasy  6 1,143,139,674
144,1,piab pisy ,8,1,piab pisy  8 1,144,140,2773
145,1,PIAB ,5,0,PIAB  5 0,145,141,1252
146,1,PIAB fasy ,6,1,PIAB fasy  6 1,146,142,3965
147,1,fasy ,8,2,fasy  8 2,147,143,19938
148,1,piab ,7,0,piab  7 0,148,144,274
149,1,PIAB fasy ,6,0,PIAB fasy  6 0,149,145,99
150,1,piab fasy acps ,6,1,piab fasy acps  6 1,150,146,108
151,1,piab pisy fasy ,8,1,piab pisy fasy  8 1,151,147,3036
153,1,piab lade ,6,1,piab lade  6 1,153,148,1265
154,1,piab fasy frex ,6,0,piab fasy frex  6 0,154,149,85
155,1,PISY lade ,5,1,PISY lade  5 1,155,150,33
156,1,PISY ,5,0,PISY  5 0,156,151,52
157,1,pisy ,5,1,pisy  5 1,157,152,43
158,1,PIAB ,8,0,PIAB  8 0,158,153,2049
159,1,piab ,6,0,piab  6 0,159,154,190
160,1,piab pisy ,6,1,piab pisy  6 1,160,155,765
161,1,LADE ,5,1,LADE  5 1,161,156,52
163,1,fasy ,5,1,fasy  5 1,163,157,123
164,1,PISY ,7,1,PISY  7 1,164,158,1448
165,1,FASY piab ,9,2,FASY piab  9 2,165,159,467123
166,1,piab lade fasy ,9,2,piab lade fasy  9 2,166,160,9413
167,1,piab pisy fasy ,6,1,piab pisy fasy  6 1,167,161,224
168,1,acps alin ,6,0,acps alin  6 0,168,162,13
169,1,PISY piab ,6,1,PISY piab  6 1,169,163,131
170,1,lade fasy ,9,1,lade fasy  9 1,170,164,5801
171,1,lade fasy ,8,2,lade fasy  8 2,171,165,4139
172,1,FASY lade ,9,1,FASY lade  9 1,172,166,834
173,1,lade fasy acps ,8,1,lade fasy acps  8 1,173,167,108
174,1,pisy fasy ,8,1,pisy fasy  8 1,174,168,3252
175,1,piab pisy ,7,2,piab pisy  7 2,175,169,1574
176,1,lade pisy ,7,1,lade pisy  7 1,176,170,1223
177,1,PISY ,6,2,PISY  6 2,177,171,141
178,1,FASY ,9,2,FASY  9 2,178,172,3967738
179,1,lade fasy ,7,2,lade fasy  7 2,179,173,1641
180,1,piab lade ,7,2,piab lade  7 2,180,174,2303
181,1,pisy ,7,1,pisy  7 1,181,175,862
182,1,pisy fasy ,7,2,pisy fasy  7 2,182,176,843
183,1,piab lade fasy ,7,1,piab lade fasy  7 1,183,177,4323
184,1,piab lade fasy ,6,2,piab lade fasy  6 2,184,178,153
185,1,fasy ,6,2,fasy  6 2,185,179,256
186,1,FASY lade ,7,2,FASY lade  7 2,186,180,159
187,1,fasy ,7,2,fasy  7 2,187,181,3984
188,1,piab abal fasy ,8,1,piab abal fasy  8 1,188,182,1175
189,1,piab abal ,7,1,piab abal  7 1,189,183,362
190,1,fasy ,6,0,fasy  6 0,190,184,280
191,1,piab lade fasy ,7,2,piab lade fasy  7 2,191,185,2973
192,1,lade fasy ,6,2,lade fasy  6 2,192,186,156
193,1,lade fasy ,7,1,lade fasy  7 1,193,187,5464
194,1,abal lade fasy ,8,1,abal lade fasy  8 1,194,188,345
195,1,FASY lade ,8,1,FASY lade  8 1,195,189,780
196,1,pisy ,7,2,pisy  7 2,196,190,320
197,1,abal fasy ,9,1,abal fasy  9 1,197,191,964
198,1,lade fasy ,6,1,lade fasy  6 1,198,192,951
200,1,fasy alin ,7,0,fasy alin  7 0,200,193,29
201,1,pisy fasy ,5,1,pisy fasy  5 1,201,194,47
202,1,abal lade fasy ,7,1,abal lade fasy  7 1,202,195,804
203,1,abal fasy ,9,2,abal fasy  9 2,203,196,7314
204,1,fasy frex ,7,0,fasy frex  7 0,204,197,343
205,1,lade frex ,6,0,lade frex  6 0,205,198,122
206,1,fasy ,9,2,fasy  9 2,206,199,28257
207,1,LADE piab ,5,1,LADE piab  5 1,207,200,28
208,1,piab fasy ,5,2,piab fasy  5 2,208,201,4245
209,1,lade fasy ,5,1,lade fasy  5 1,209,202,123
210,1,FASY lade ,6,1,FASY lade  6 1,210,203,177
211,1,LADE ,6,1,LADE  6 1,211,204,405
212,1,FASY ,4,1,FASY  4 1,212,205,1566
213,1,piab pisy ,5,1,piab pisy  5 1,213,206,110
214,1,piab lade ,8,2,piab lade  8 2,214,207,5369
215,1,lade ,8,1,lade  8 1,215,208,786
216,1,lade ,6,0,lade  6 0,216,209,106
217,1,piab abal ,8,2,piab abal  8 2,217,210,789
218,1,piab abal ,9,2,piab abal  9 2,218,211,1316
219,1,abal ,7,1,abal  7 1,219,212,79
220,1,abal ,9,1,abal  9 1,220,213,42
221,1,abal fasy ,7,2,abal fasy  7 2,221,214,1056
222,1,piab ,8,2,piab  8 2,222,215,5815
223,1,ABAL ,7,1,ABAL  7 1,223,216,178
224,1,ABAL ,6,1,ABAL  6 1,224,217,28
225,1,abal ,8,1,abal  8 1,225,218,112
226,1,fasy ,7,0,fasy  7 0,226,219,607
227,1,FASY abal ,7,2,FASY abal  7 2,227,220,519
228,1,fasy frex ,8,0,fasy frex  8 0,228,221,360
229,1,abal lade ,7,0,abal lade  7 0,229,222,26
230,1,abal acps ,7,1,abal acps  7 1,230,223,16
231,1,piab lade fasy ,9,1,piab lade fasy  9 1,231,224,5052
232,1,LADE ,9,0,LADE  9 0,232,225,525
233,1,LADE ,10,0,LADE  10 0,233,226,71
234,1,abal fasy ,10,1,abal fasy  10 1,234,227,619
235,1,FASY abal ,7,0,FASY abal  7 0,235,228,68
236,1,abal fasy ,8,1,abal fasy  8 1,236,229,2346
237,1,piab abal ,7,2,piab abal  7 2,237,230,240
238,1,PIAB fasy ,7,0,PIAB fasy  7 0,238,231,206
239,1,fasy ,8,0,fasy  8 0,239,232,660
240,1,piab lade ,9,2,piab lade  9 2,240,233,9355
241,1,abal fasy ,8,2,abal fasy  8 2,241,234,5538
242,1,piab lade ,9,1,piab lade  9 1,242,235,9342
243,1,abal fasy ,10,2,abal fasy  10 2,243,236,3627
244,1,FASY abal ,6,1,FASY abal  6 1,244,237,121
245,1,lade fasy ,6,0,lade fasy  6 0,245,238,424
246,1,lade ,7,0,lade  7 0,246,239,224
247,1,piab abal fasy ,8,2,piab abal fasy  8 2,247,240,3641
248,1,PIAB acps ,6,2,PIAB acps  6 2,248,241,32
249,1,lade ,9,1,lade  9 1,249,242,795
250,1,LADE ,8,1,LADE  8 1,250,243,2265
251,1,LADE fasy ,8,1,LADE fasy  8 1,251,244,116
252,1,FASY piab ,10,2,FASY piab  10 2,252,245,329019
253,1,abal fasy ,6,1,abal fasy  6 1,253,246,352
254,1,PIAB lade ,7,2,PIAB lade  7 2,254,247,1254
255,1,LADE piab ,7,0,LADE piab  7 0,255,248,344
256,1,abal fasy acps ,7,1,abal fasy acps  7 1,256,249,28
257,1,abal fasy acps ,6,1,abal fasy acps  6 1,257,250,18
258,1,LADE ,8,0,LADE  8 0,258,251,815
259,1,LADE ,7,0,LADE  7 0,259,252,1730
260,1,LADE piab ,7,1,LADE piab  7 1,260,253,636
261,1,abal lade ,6,0,abal lade  6 0,261,254,14
262,1,piab frex ,4,0,piab frex  4 0,262,255,407
263,1,PIAB ,4,0,PIAB  4 0,263,256,959
264,1,fasy frex ,3,0,fasy frex  3 0,264,257,94
265,1,lade ,7,1,lade  7 1,265,258,557
266,1,lade fasy ,10,1,lade fasy  10 1,266,259,531
267,1,piab abal fasy ,6,1,piab abal fasy  6 1,267,260,115
269,1,FASY ,4,0,FASY  4 0,269,261,207
270,1,LADE piab ,6,0,LADE piab  6 0,270,262,186
271,1,piab lade fasy ,6,1,piab lade fasy  6 1,271,263,648
272,1,fasy acps ,7,0,fasy acps  7 0,272,264,79
273,1,piab ,6,1,piab  6 1,273,265,549
274,1,mix,1,0,mix 1 0,274,266,2310
275,1,FASY piab ,4,0,FASY piab  4 0,275,267,24
276,1,fasy frex ,4,0,fasy frex  4 0,276,268,146
277,1,ACPS ,5,0,ACPS  5 0,277,269,34
278,1,piab lade fasy ,7,0,piab lade fasy  7 0,278,270,399
279,1,lade fasy ,8,0,lade fasy  8 0,279,271,1466
280,1,lade fasy ,5,0,lade fasy  5 0,280,272,127
281,1,LADE piab ,9,1,LADE piab  9 1,281,273,951
282,1,FASY piab ,5,1,FASY piab  5 1,282,274,7940
283,1,lade fasy ,9,2,lade fasy  9 2,283,275,4260
284,1,piab lade ,5,2,piab lade  5 2,284,276,164
285,1,FASY lade ,5,0,FASY lade  5 0,285,277,30
286,1,PIAB abal ,7,2,PIAB abal  7 2,286,278,88
287,1,lade fasy acps ,7,1,lade fasy acps  7 1,287,279,74
288,1,lade pisy ,6,0,lade pisy  6 0,288,280,73
289,1,lade fasy ,4,0,lade fasy  4 0,289,281,40
290,1,piab lade fasy ,10,2,piab lade fasy  10 2,290,282,4674
291,1,lade fasy ,10,2,lade fasy  10 2,291,283,760
292,1,FASY ,10,2,FASY  10 2,292,284,1035617
293,1,lade fasy ,9,0,lade fasy  9 0,293,285,436
294,1,abal fasy ,6,2,abal fasy  6 2,294,286,74
295,1,FASY lade ,8,0,FASY lade  8 0,295,287,263
296,1,piab pisy fasy ,9,2,piab pisy fasy  9 2,296,288,8315
297,1,lade pisy ,6,1,lade pisy  6 1,297,289,703
298,1,abal lade fasy ,6,1,abal lade fasy  6 1,298,290,369
299,1,FASY ,1,0,FASY  1 0,299,291,165
300,1,PISY ,4,1,PISY  4 1,300,292,146
301,1,piab abal ,8,1,piab abal  8 1,301,293,392
302,1,pisy fasy ,5,0,pisy fasy  5 0,302,294,34
303,1,PIAB ,6,0,PIAB  6 0,303,295,1792
305,1,piab pisy ,6,2,piab pisy  6 2,305,296,264
306,1,lade pisy fasy ,6,1,lade pisy fasy  6 1,306,297,108
308,1,abal lade fasy ,9,1,abal lade fasy  9 1,308,298,181
309,1,piab lade fasy ,10,1,piab lade fasy  10 1,309,299,724
310,1,piab frex ,1,0,piab frex  1 0,310,300,158
313,1,abal fasy acps ,9,1,abal fasy acps  9 1,313,301,60
314,1,FASY lade ,10,2,FASY lade  10 2,314,302,53
315,1,piab pisy ,4,1,piab pisy  4 1,315,303,18
317,1,piab lade fasy acps ,7,1,piab lade fasy acps  7 1,317,304,33
318,1,LADE piab ,8,1,LADE piab  8 1,318,305,962
319,1,fasy frex ,1,0,fasy frex  1 0,319,306,45
320,1,FREX ,2,0,FREX  2 0,320,307,1197
321,1,piab frex ,6,0,piab frex  6 0,321,308,263
322,1,pisy fasy ,6,0,pisy fasy  6 0,322,309,46
323,1,lade pisy ,8,1,lade pisy  8 1,323,310,944
325,1,piab abal fasy ,6,0,piab abal fasy  6 0,325,311,19
326,1,abal fasy ,6,0,abal fasy  6 0,326,312,98
327,1,acps ,6,1,acps  6 1,327,313,47
328,1,lade acps ,6,1,lade acps  6 1,328,314,41
329,1,piab acps ,6,1,piab acps  6 1,329,315,54
331,1,LADE piab ,8,0,LADE piab  8 0,331,316,234
332,1,PIAB lade ,8,0,PIAB lade  8 0,332,317,186
333,1,piab fasy frex ,6,1,piab fasy frex  6 1,333,318,192
334,1,BEPE ,1,0,BEPE  1 0,334,319,309
336,1,ACPS ,6,1,ACPS  6 1,336,320,100
337,1,piab lade ,9,0,piab lade  9 0,337,321,365
338,1,FASY pisy ,7,1,FASY pisy  7 1,338,322,98
339,1,abal pisy fasy ,8,1,abal pisy fasy  8 1,339,323,23
340,1,PIAB ,9,0,PIAB  9 0,340,324,1551
341,1,PIAB lade ,10,0,PIAB lade  10 0,341,325,22
342,1,LADE ,4,0,LADE  4 0,342,326,199
343,1,piab frex ,7,0,piab frex  7 0,343,327,245
344,1,piab frex ,7,1,piab frex  7 1,344,328,488
345,1,abal fasy ,7,0,abal fasy  7 0,345,329,150
346,1,abal lade fasy ,7,0,abal lade fasy  7 0,346,330,47
347,1,piab lade ,10,1,piab lade  10 1,347,331,3214
348,1,PISY ,6,0,PISY  6 0,348,332,88
351,1,piab ,5,2,piab  5 2,351,333,19
352,1,PIAB fasy ,6,2,PIAB fasy  6 2,352,334,1302
353,1,piab abal lade ,8,1,piab abal lade  8 1,353,335,211
354,1,piab ,6,2,piab  6 2,354,336,186
355,1,PISY piab ,7,1,PISY piab  7 1,355,337,283
356,1,bepe ,6,0,bepe  6 0,356,338,23
358,1,FREX ,7,0,FREX  7 0,358,339,126
359,1,piab pisy ,5,2,piab pisy  5 2,359,340,34
360,1,piab pisy fasy ,9,1,piab pisy fasy  9 1,360,341,951
361,1,piab abal lade ,9,1,piab abal lade  9 1,361,342,160
362,1,piab bepe ,7,1,piab bepe  7 1,362,343,91
363,1,piab bepe ,7,0,piab bepe  7 0,363,344,152
364,1,LADE fasy ,7,0,LADE fasy  7 0,364,345,82
365,1,piab abal fasy ,9,2,piab abal fasy  9 2,365,346,7200
366,1,piab abal lade fasy ,9,1,piab abal lade fasy  9 1,366,347,92
367,1,piab abal ,9,1,piab abal  9 1,367,348,196
368,1,PISY fasy ,7,1,PISY fasy  7 1,368,349,78
369,1,piab bepe ,8,0,piab bepe  8 0,369,350,151
370,1,FASY lade ,10,1,FASY lade  10 1,370,351,22
371,1,piab abal fasy ,6,2,piab abal fasy  6 2,371,352,74
372,1,lade ,10,1,lade  10 1,372,353,284
373,1,piab alin ,7,0,piab alin  7 0,373,354,15
374,1,piab alin ,1,0,piab alin  1 0,374,355,4
375,1,frex ,1,0,frex  1 0,375,356,19
376,1,PIAB frex ,1,0,PIAB frex  1 0,376,357,77
378,1,lade pisy fasy ,7,1,lade pisy fasy  7 1,378,358,176
379,1,FASY piab ,6,2,FASY piab  6 2,379,359,37333
380,1,PIAB acps ,6,1,PIAB acps  6 1,380,360,34
381,1,ALIN ,1,0,ALIN  1 0,381,361,47
382,1,piab bepe ,5,1,piab bepe  5 1,382,362,58
383,1,piab pisy fasy ,7,2,piab pisy fasy  7 2,383,363,667
384,1,piab fasy acps ,8,0,piab fasy acps  8 0,384,364,17
385,1,PIAB fasy ,9,0,PIAB fasy  9 0,385,365,217
386,1,PISY fasy ,6,1,PISY fasy  6 1,386,366,29
387,1,pisy fasy ,7,0,pisy fasy  7 0,387,367,113
388,1,piab pisy fasy ,7,0,piab pisy fasy  7 0,388,368,50
390,1,piab ,8,0,piab  8 0,390,369,320
391,1,piab lade ,5,1,piab lade  5 1,391,370,363
392,1,PISY ,7,0,PISY  7 0,392,371,34
393,1,piab lade fasy ,5,1,piab lade fasy  5 1,393,372,72
394,1,PIAB abal ,9,2,PIAB abal  9 2,394,373,560
395,1,pisy ,5,0,pisy  5 0,395,374,25
396,1,piab pisy ,6,0,piab pisy  6 0,396,375,74
397,1,PIAB pisy ,8,1,PIAB pisy  8 1,397,376,211
398,1,PIAB lade ,5,2,PIAB lade  5 2,398,377,93
399,1,PISY lade ,6,0,PISY lade  6 0,399,378,20
400,1,FREX ,6,1,FREX  6 1,400,379,268
402,1,piab pisy ,5,0,piab pisy  5 0,402,380,34
403,1,piab pisy ,8,0,piab pisy  8 0,403,381,110
405,1,PIAB ,11,2,PIAB  11 2,405,382,427959
406,1,fasy ,5,0,fasy  5 0,406,383,69
407,1,lade ,6,1,lade  6 1,407,384,79
408,1,piab lade fasy ,6,0,piab lade fasy  6 0,408,385,119
410,1,piab lade pisy ,7,1,piab lade pisy  7 1,410,386,1417
411,1,PISY ,3,1,PISY  3 1,411,387,64
412,1,piab ,9,1,piab  9 1,412,388,1939
413,1,PIAB ,4,2,PIAB  4 2,413,389,66
414,1,piab lade ,6,2,piab lade  6 2,414,390,437
416,1,PISY fasy ,5,0,PISY fasy  5 0,416,391,9
418,1,piab lade pisy ,8,2,piab lade pisy  8 2,418,392,1229
420,1,LADE piab ,5,0,LADE piab  5 0,420,393,49
421,1,piab lade ,10,2,piab lade  10 2,421,394,8137
422,1,PIAB lade ,10,1,PIAB lade  10 1,422,395,505
423,1,piab ,10,2,piab  10 2,423,396,7218
424,1,piab lade pisy ,6,2,piab lade pisy  6 2,424,397,205
425,1,lade pisy ,6,2,lade pisy  6 2,425,398,57
426,1,piab lade pisy ,5,1,piab lade pisy  5 1,426,399,91
427,1,piab lade pisy ,6,1,piab lade pisy  6 1,427,400,757
428,1,piab lade pisy ,8,1,piab lade pisy  8 1,428,401,1058
429,1,piab bepe ,6,0,piab bepe  6 0,429,402,128
430,1,lade bepe ,8,0,lade bepe  8 0,430,403,103
431,1,PIAB lade ,6,2,PIAB lade  6 2,431,404,346
433,1,PIAB fasy ,5,1,PIAB fasy  5 1,433,405,1362
434,1,piab abal fasy ,10,1,piab abal fasy  10 1,434,406,327
435,1,lade pisy ,5,1,lade pisy  5 1,435,407,194
437,1,piab pisy ,7,0,piab pisy  7 0,437,408,115
438,1,pisy ,7,0,pisy  7 0,438,409,57
439,1,lade pisy fasy ,7,0,lade pisy fasy  7 0,439,410,20
440,1,BEPE ,4,0,BEPE  4 0,440,411,63
441,1,LADE bepe ,7,0,LADE bepe  7 0,441,412,65
442,1,lade bepe ,6,0,lade bepe  6 0,442,413,107
443,1,PIAB ,4,1,PIAB  4 1,443,414,280
444,1,piab abal lade fasy ,8,2,piab abal lade fasy  8 2,444,415,112
445,1,lade pisy ,5,0,lade pisy  5 0,445,416,41
446,1,PIAB pisy ,7,1,PIAB pisy  7 1,446,417,129
447,1,BEPE ,2,0,BEPE  2 0,447,418,231
448,1,LADE bepe ,6,0,LADE bepe  6 0,448,419,18
449,1,LADE ,3,0,LADE  3 0,449,420,133
450,1,piab fasy frex ,5,1,piab fasy frex  5 1,450,421,69
451,1,piab abal lade ,9,2,piab abal lade  9 2,451,422,201
452,1,piab abal lade ,7,1,piab abal lade  7 1,452,423,227
453,1,piab pisy ,9,1,piab pisy  9 1,453,424,1298
454,1,PIAB pisy ,6,1,PIAB pisy  6 1,454,425,43
455,1,FREX ,4,0,FREX  4 0,455,426,687
457,1,LADE piab ,6,1,LADE piab  6 1,457,427,169
458,1,piab ,10,1,piab  10 1,458,428,801
459,1,FASY piab ,7,0,FASY piab  7 0,459,429,312
460,1,fasy acps ,6,0,fasy acps  6 0,460,430,100
461,1,piab lade ,4,0,piab lade  4 0,461,431,139
462,1,piab lade pisy ,9,1,piab lade pisy  9 1,462,432,318
463,1,PIAB abal ,10,2,PIAB abal  10 2,463,433,716
464,1,piab lade pisy ,7,0,piab lade pisy  7 0,464,434,30
465,1,piab lade pisy ,10,1,piab lade pisy  10 1,465,435,26
466,1,lade pisy fasy ,8,1,lade pisy fasy  8 1,466,436,207
467,1,BEPE ,5,0,BEPE  5 0,467,437,71
468,1,LADE fasy ,8,0,LADE fasy  8 0,468,438,113
469,1,piab lade pisy ,6,0,piab lade pisy  6 0,469,439,28
470,1,BEPE ,6,0,BEPE  6 0,470,440,98
471,1,LADE fasy ,6,0,LADE fasy  6 0,471,441,58
472,1,piab acps ,6,0,piab acps  6 0,472,442,76
473,1,abal fasy ,5,0,abal fasy  5 0,473,443,38
474,1,FASY lade ,7,0,FASY lade  7 0,474,444,116
476,1,lade pisy ,7,0,lade pisy  7 0,476,445,192
477,1,PIAB lade ,5,1,PIAB lade  5 1,477,446,112
479,1,PIAB lade ,9,1,PIAB lade  9 1,479,447,2350
480,1,abal fasy ,4,0,abal fasy  4 0,480,448,21
481,1,abal lade ,6,1,abal lade  6 1,481,449,70
483,1,piab abal lade fasy ,6,1,piab abal lade fasy  6 1,483,450,45
488,1,FASY lade ,6,0,FASY lade  6 0,488,451,39
489,1,piab abal ,6,1,piab abal  6 1,489,452,129
490,1,piab abal lade ,6,1,piab abal lade  6 1,490,453,52
492,1,LADE piab ,6,2,LADE piab  6 2,492,454,30
493,1,piab acps ,7,0,piab acps  7 0,493,455,70
494,1,PIAB acps ,7,0,PIAB acps  7 0,494,456,23
495,1,abal lade ,7,1,abal lade  7 1,495,457,168
496,1,piab lade pisy fasy ,7,1,piab lade pisy fasy  7 1,496,458,43
497,1,BEPE piab ,4,0,BEPE piab  4 0,497,459,6
498,1,lade fasy bepe ,5,0,lade fasy bepe  5 0,498,460,25
499,1,lade bepe ,5,0,lade bepe  5 0,499,461,43
501,1,fasy alin ,5,0,fasy alin  5 0,501,462,13
502,1,LADE frex ,3,0,LADE frex  3 0,502,463,24
503,1,piab abal lade fasy ,7,1,piab abal lade fasy  7 1,503,464,149
504,1,lade pisy ,9,1,lade pisy  9 1,504,465,266
505,1,lade bepe ,4,0,lade bepe  4 0,505,466,21
506,1,FASY abal ,8,1,FASY abal  8 1,506,467,372
507,1,PIAB fasy ,4,0,PIAB fasy  4 0,507,468,40
508,1,piab abal lade fasy ,8,1,piab abal lade fasy  8 1,508,469,87
509,1,piab lade fasy ,8,0,piab lade fasy  8 0,509,470,422
510,1,PIAB lade ,9,2,PIAB lade  9 2,510,471,4760
511,1,LADE fasy ,9,0,LADE fasy  9 0,511,472,30
512,1,FASY ,5,2,FASY  5 2,512,473,45918
513,1,piab pisy fasy ,8,0,piab pisy fasy  8 0,513,474,28
515,1,piab abal fasy ,7,2,piab abal fasy  7 2,515,475,559
517,1,piab lade frex ,6,0,piab lade frex  6 0,517,476,34
518,1,FASY piab ,10,0,FASY piab  10 0,518,477,19
519,1,fasy ,9,0,fasy  9 0,519,478,233
520,1,piab abal pisy ,7,1,piab abal pisy  7 1,520,479,18
521,1,lade frex ,9,0,lade frex  9 0,521,480,106
523,1,PISY fasy ,8,1,PISY fasy  8 1,523,481,160
524,1,FASY frex ,3,0,FASY frex  3 0,524,482,19
527,1,LADE ,7,2,LADE  7 2,527,483,108
528,1,LADE ,9,1,LADE  9 1,528,484,1420
529,1,piab lade fasy ,5,0,piab lade fasy  5 0,529,485,18
530,1,frex bepe ,1,0,frex bepe  1 0,530,486,126
531,1,mix,3,0,mix 3 0,531,487,36
532,1,fasy acps ,8,0,fasy acps  8 0,532,488,32
533,1,piab abal fasy ,7,0,piab abal fasy  7 0,533,489,34
535,1,piab lade ,4,1,piab lade  4 1,535,490,35
536,1,FASY frex ,1,0,FASY frex  1 0,536,491,26
537,1,PIAB pisy ,9,2,PIAB pisy  9 2,537,492,1137
538,1,lade fasy acps ,9,1,lade fasy acps  9 1,538,493,35
540,1,piab pisy ,8,2,piab pisy  8 2,540,494,4504
541,1,piab fasy frex ,7,1,piab fasy frex  7 1,541,495,302
543,1,FREX ,4,1,FREX  4 1,543,496,366
544,1,PIAB ,2,0,PIAB  2 0,544,497,664
546,1,FASY acps ,8,1,FASY acps  8 1,546,498,169
547,1,frex bepe ,2,0,frex bepe  2 0,547,499,100
549,1,PIAB frex ,8,1,PIAB frex  8 1,549,500,174
550,1,fasy frex ,5,0,fasy frex  5 0,550,501,140
551,1,fasy acps ,6,2,fasy acps  6 2,551,502,50
552,1,LADE piab ,2,0,LADE piab  2 0,552,503,18
554,1,piab fasy frex ,7,0,piab fasy frex  7 0,554,504,102
555,1,BEPE ,8,0,BEPE  8 0,555,505,40
559,1,acps frex ,5,1,acps frex  5 1,559,506,17
560,1,FASY frex ,8,1,FASY frex  8 1,560,507,180
561,1,LADE ,1,0,LADE  1 0,561,508,371
562,1,LADE ,2,0,LADE  2 0,562,509,137
563,1,fasy ,10,2,fasy  10 2,563,510,8995
564,1,FASY ,3,0,FASY  3 0,564,511,90
565,1,piab bepe ,5,0,piab bepe  5 0,565,512,87
566,1,piab fasy acps ,5,0,piab fasy acps  5 0,566,513,17
567,1,piab bepe ,1,0,piab bepe  1 0,567,514,22
568,1,lade fasy ,3,0,lade fasy  3 0,568,515,38
569,1,fasy bepe ,7,0,fasy bepe  7 0,569,516,76
572,1,FREX ,5,0,FREX  5 0,572,517,437
573,1,LADE frex ,7,0,LADE frex  7 0,573,518,49
574,1,lade ,5,0,lade  5 0,574,519,25
576,1,lade bepe ,7,0,lade bepe  7 0,576,520,127
577,1,FASY piab ,10,1,FASY piab  10 1,577,521,1624
578,1,FASY lade ,9,0,FASY lade  9 0,578,522,44
579,1,lade bepe ,3,0,lade bepe  3 0,579,523,28
581,1,ALIN ,3,0,ALIN  3 0,581,524,29
582,1,lade ,8,0,lade  8 0,582,525,190
584,1,fasy acps ,10,1,fasy acps  10 1,584,526,440
585,1,BEPE frex ,2,0,BEPE frex  2 0,585,527,32
587,1,fasy alin ,6,1,fasy alin  6 1,587,528,17
588,1,piab bepe ,4,0,piab bepe  4 0,588,529,91
589,1,piab acps ,8,1,piab acps  8 1,589,530,88
590,1,fasy frex alin ,6,0,fasy frex alin  6 0,590,531,32
591,1,FASY acps ,9,1,FASY acps  9 1,591,532,71
593,1,fasy acps ,9,0,fasy acps  9 0,593,533,18
594,1,piab lade ,5,0,piab lade  5 0,594,534,239
596,1,FASY acps ,10,1,FASY acps  10 1,596,535,102
597,1,piab fasy acps ,9,1,piab fasy acps  9 1,597,536,158
598,1,FASY acps ,7,0,FASY acps  7 0,598,537,55
599,1,piab ,11,1,piab  11 1,599,538,152
603,1,PIAB fasy ,4,1,PIAB fasy  4 1,603,539,337
605,1,piab abal fasy ,8,0,piab abal fasy  8 0,605,540,54
607,1,fasy frex alin ,7,0,fasy frex alin  7 0,607,541,12
608,1,PIAB fasy ,1,0,PIAB fasy  1 0,608,542,45
609,1,piab lade fasy ,9,0,piab lade fasy  9 0,609,543,240
610,1,lade frex ,7,0,lade frex  7 0,610,544,141
611,1,FASY frex ,7,1,FASY frex  7 1,611,545,195
612,1,piab abal ,10,2,piab abal  10 2,612,546,1241
613,1,FASY ,2,0,FASY  2 0,613,547,47
614,1,piab abal fasy ,10,2,piab abal fasy  10 2,614,548,5132
616,1,FASY ,3,1,FASY  3 1,616,549,224
617,1,piab fasy acps ,7,0,piab fasy acps  7 0,617,550,40
618,1,piab frex ,9,0,piab frex  9 0,618,551,235
619,1,lade frex ,4,0,lade frex  4 0,619,552,114
620,1,piab lade frex ,1,0,piab lade frex  1 0,620,553,35
621,1,lade fasy frex ,9,0,lade fasy frex  9 0,621,554,41
622,1,lade frex ,1,0,lade frex  1 0,622,555,137
623,1,piab ,1,0,piab  1 0,623,556,41
624,1,FREX bepe ,1,0,FREX bepe  1 0,624,557,49
626,1,piab ,5,0,piab  5 0,626,558,159
627,1,frex alin ,3,0,frex alin  3 0,627,559,37
628,1,lade frex ,8,0,lade frex  8 0,628,560,120
629,1,FASY frex ,5,0,FASY frex  5 0,629,561,50
630,1,FASY lade ,9,2,FASY lade  9 2,630,562,569
631,1,BEPE ,7,0,BEPE  7 0,631,563,96
633,1,FREX ,8,0,FREX  8 0,633,564,59
634,1,fasy alin ,6,0,fasy alin  6 0,634,565,22
635,1,FASY piab ,8,0,FASY piab  8 0,635,566,274
636,1,fasy frex ,5,1,fasy frex  5 1,636,567,162
637,1,FASY piab ,5,0,FASY piab  5 0,637,568,51
638,1,BEPE frex ,1,0,BEPE frex  1 0,638,569,48
640,1,piab fasy ,1,0,piab fasy  1 0,640,570,61
641,1,piab fasy ,11,1,piab fasy  11 1,641,571,2420
642,1,FASY acps ,6,0,FASY acps  6 0,642,572,97
644,1,acps ,9,1,acps  9 1,644,573,27
646,1,PIAB pisy ,7,2,PIAB pisy  7 2,646,574,67
647,1,FREX lade ,1,0,FREX lade  1 0,647,575,87
648,1,PIAB lade ,7,0,PIAB lade  7 0,648,576,129
649,1,piab fasy frex ,1,0,piab fasy frex  1 0,649,577,19
650,1,LADE fasy ,7,1,LADE fasy  7 1,650,578,81
652,1,PIAB bepe ,6,1,PIAB bepe  6 1,652,579,39
653,1,piab fasy ,10,0,piab fasy  10 0,653,580,283
654,1,fasy frex ,10,1,fasy frex  10 1,654,581,84
656,1,piab fasy frex ,11,1,piab fasy frex  11 1,656,582,158
658,1,lade pisy ,7,2,lade pisy  7 2,658,583,144
660,1,lade fasy acps ,6,1,lade fasy acps  6 1,660,584,35
661,1,piab pisy fasy ,8,2,piab pisy fasy  8 2,661,585,5330
662,1,lade fasy ,1,0,lade fasy  1 0,662,586,23
663,1,piab fasy frex ,5,0,piab fasy frex  5 0,663,587,61
664,1,ACPS ,7,1,ACPS  7 1,664,588,84
666,1,lade fasy frex ,7,0,lade fasy frex  7 0,666,589,45
667,1,FREX ,6,0,FREX  6 0,667,590,250
668,1,lade fasy frex ,7,1,lade fasy frex  7 1,668,591,186
669,1,lade fasy frex ,8,1,lade fasy frex  8 1,669,592,338
670,1,ACPS ,8,1,ACPS  8 1,670,593,23
671,1,FASY frex ,9,1,FASY frex  9 1,671,594,41
672,1,PIAB frex ,6,1,PIAB frex  6 1,672,595,82
675,1,ACPS alin ,6,0,ACPS alin  6 0,675,596,12
676,1,PISY ,7,2,PISY  7 2,676,597,307
677,1,lade fasy acps ,8,2,lade fasy acps  8 2,677,598,16
679,1,FASY lade ,8,2,FASY lade  8 2,679,599,431
680,1,lade ,9,0,lade  9 0,680,600,44
682,1,fasy frex ,2,0,fasy frex  2 0,682,601,81
683,1,piab lade ,10,0,piab lade  10 0,683,602,44
684,1,FREX piab ,1,0,FREX piab  1 0,684,603,40
685,1,fasy bepe ,6,0,fasy bepe  6 0,685,604,35
686,1,lade frex ,5,0,lade frex  5 0,686,605,119
687,1,piab frex ,8,0,piab frex  8 0,687,606,231
691,1,frex bepe ,4,0,frex bepe  4 0,691,607,31
692,1,LADE bepe ,5,0,LADE bepe  5 0,692,608,18
693,1,PIAB pisy ,8,0,PIAB pisy  8 0,693,609,27
694,1,PISY piab ,6,2,PISY piab  6 2,694,610,22
695,1,piab pisy fasy ,6,2,piab pisy fasy  6 2,695,611,20
696,1,piab lade pisy ,7,2,piab lade pisy  7 2,696,612,798
697,1,PIAB bepe ,7,0,PIAB bepe  7 0,697,613,32
699,1,pisy fasy ,8,0,pisy fasy  8 0,699,614,83
704,1,abal lade ,9,1,abal lade  9 1,704,615,41
705,1,LADE frex ,4,0,LADE frex  4 0,705,616,33
706,1,lade fasy bepe ,6,0,lade fasy bepe  6 0,706,617,15
707,1,piab abal ,6,2,piab abal  6 2,707,618,37
708,1,piab fasy bepe ,8,1,piab fasy bepe  8 1,708,619,69
709,1,frex bepe ,3,0,frex bepe  3 0,709,620,95
710,1,piab lade ,3,0,piab lade  3 0,710,621,130
711,1,piab bepe ,2,0,piab bepe  2 0,711,622,30
714,1,PIAB bepe ,7,1,PIAB bepe  7 1,714,623,47
716,1,piab alin ,6,0,piab alin  6 0,716,624,14
717,1,FASY frex ,4,0,FASY frex  4 0,717,625,38
718,1,fasy ,4,0,fasy  4 0,718,626,59
720,1,PIAB ,11,0,PIAB  11 0,720,627,102
722,1,FREX lade ,2,0,FREX lade  2 0,722,628,46
723,1,BEPE ,3,0,BEPE  3 0,723,629,226
724,1,piab fasy acps ,6,0,piab fasy acps  6 0,724,630,30
726,1,piab frex ,9,1,piab frex  9 1,726,631,893
727,1,piab lade ,1,0,piab lade  1 0,727,632,79
728,1,frex alin ,4,0,frex alin  4 0,728,633,34
729,1,lade frex ,8,1,lade frex  8 1,729,634,443
730,1,FASY piab ,1,0,FASY piab  1 0,730,635,16
732,1,piab bepe ,6,1,piab bepe  6 1,732,636,62
733,1,FREX ,7,1,FREX  7 1,733,637,231
735,1,PIAB frex ,5,0,PIAB frex  5 0,735,638,65
736,1,PIAB frex ,2,0,PIAB frex  2 0,736,639,77
738,1,fasy acps ,8,2,fasy acps  8 2,738,640,216
739,1,fasy alin ,8,0,fasy alin  8 0,739,641,10
741,1,lade frex ,6,1,lade frex  6 1,741,642,128
742,1,FASY abal ,7,1,FASY abal  7 1,742,643,220
743,1,piab frex ,2,0,piab frex  2 0,743,644,276
744,1,ACPS ,5,1,ACPS  5 1,744,645,69
745,1,FREX fasy ,2,0,FREX fasy  2 0,745,646,29
746,1,pisy ,8,1,pisy  8 1,746,647,458
749,1,FREX piab ,2,0,FREX piab  2 0,749,648,81
752,1,PIAB frex ,8,0,PIAB frex  8 0,752,649,75
753,1,piab bepe ,8,1,piab bepe  8 1,753,650,198
754,1,piab alin ,8,0,piab alin  8 0,754,651,1
755,1,piab ,9,0,piab  9 0,755,652,185
756,1,PISY piab ,7,2,PISY piab  7 2,756,653,93
758,1,piab lade pisy ,9,2,piab lade pisy  9 2,758,654,659
759,1,frex bepe ,7,0,frex bepe  7 0,759,655,20
760,1,piab lade pisy ,10,2,piab lade pisy  10 2,760,656,79
761,1,abal fasy ,5,1,abal fasy  5 1,761,657,34
762,1,ACPS ,6,0,ACPS  6 0,762,658,14
766,1,lade bepe ,6,1,lade bepe  6 1,766,659,42
767,1,PIAB lade ,10,2,PIAB lade  10 2,767,660,4117
768,1,PIAB abal ,6,1,PIAB abal  6 1,768,661,27
770,1,FREX piab ,7,0,FREX piab  7 0,770,662,63
771,1,LADE fasy ,9,1,LADE fasy  9 1,771,663,87
772,1,FREX bepe ,2,0,FREX bepe  2 0,772,664,50
773,1,mix,4,0,mix 4 0,773,665,37
777,1,LADE frex ,5,0,LADE frex  5 0,777,666,27
778,1,ALIN ,4,0,ALIN  4 0,778,667,4
779,1,lade frex ,9,1,lade frex  9 1,779,668,608
780,1,PIAB bepe ,9,0,PIAB bepe  9 0,780,669,19
782,1,PIAB ,3,0,PIAB  3 0,782,670,738
783,1,fasy bepe ,7,1,fasy bepe  7 1,783,671,69
784,1,lade fasy frex ,9,1,lade fasy frex  9 1,784,672,260
785,1,PIAB fasy ,5,0,PIAB fasy  5 0,785,673,45
786,1,LADE frex ,9,0,LADE frex  9 0,786,674,52
787,1,PIAB ,11,1,PIAB  11 1,787,675,17881
789,1,lade frex ,2,0,lade frex  2 0,789,676,121
791,1,piab fasy frex ,9,1,piab fasy frex  9 1,791,677,646
793,1,lade frex ,7,1,lade frex  7 1,793,678,287
794,1,LADE ,10,1,LADE  10 1,794,679,395
796,1,piab lade fasy acps ,8,1,piab lade fasy acps  8 1,796,680,31
798,1,frex alin ,2,0,frex alin  2 0,798,681,15
799,1,pisy ,6,0,pisy  6 0,799,682,40
800,1,FASY pisy ,8,1,FASY pisy  8 1,800,683,190
802,1,lade pisy ,8,2,lade pisy  8 2,802,684,272
804,1,lade fasy bepe ,6,1,lade fasy bepe  6 1,804,685,39
805,1,ALIN ,2,0,ALIN  2 0,805,686,23
806,1,FASY lade ,6,2,FASY lade  6 2,806,687,38
807,1,piab frex ,6,1,piab frex  6 1,807,688,369
808,1,FREX ,5,1,FREX  5 1,808,689,227
809,1,piab fasy frex ,10,1,piab fasy frex  10 1,809,690,165
811,1,fasy bepe ,8,0,fasy bepe  8 0,811,691,20
812,1,bepe ,7,0,bepe  7 0,812,692,23
813,1,FREX fasy ,4,0,FREX fasy  4 0,813,693,23
815,1,piab lade bepe ,4,0,piab lade bepe  4 0,815,694,17
818,1,abal lade ,8,0,abal lade  8 0,818,695,17
819,1,FASY piab ,3,0,FASY piab  3 0,819,696,23
820,1,FREX fasy ,6,0,FREX fasy  6 0,820,697,8
821,1,FREX lade ,5,0,FREX lade  5 0,821,698,11
822,1,piab lade ,2,0,piab lade  2 0,822,699,114
823,1,piab lade frex ,2,0,piab lade frex  2 0,823,700,67
827,1,PIAB fasy ,11,2,PIAB fasy  11 2,827,701,129163
828,1,PIAB frex ,7,1,PIAB frex  7 1,828,702,106
829,1,piab frex ,8,1,piab frex  8 1,829,703,674
830,1,PISY ,5,2,PISY  5 2,830,704,57
831,1,pisy fasy ,9,2,pisy fasy  9 2,831,705,3616
832,1,FASY pisy ,5,1,FASY pisy  5 1,832,706,19
833,1,lade bepe ,7,1,lade bepe  7 1,833,707,143
835,1,lade fasy frex ,8,0,lade fasy frex  8 0,835,708,105
836,1,LADE frex ,7,1,LADE frex  7 1,836,709,61
837,1,PIAB bepe ,8,1,PIAB bepe  8 1,837,710,65
838,1,PIAB frex ,10,1,PIAB frex  10 1,838,711,215
839,1,pisy fasy ,8,2,pisy fasy  8 2,839,712,4490
840,1,lade acps ,7,1,lade acps  7 1,840,713,42
842,1,frex bepe ,5,0,frex bepe  5 0,842,714,8
844,1,piab abal ,8,0,piab abal  8 0,844,715,26
846,1,piab pisy ,10,2,piab pisy  10 2,846,716,2495
848,1,FREX ,2,1,FREX  2 1,848,717,47
850,1,piab lade frex ,8,1,piab lade frex  8 1,850,718,124
852,1,piab lade frex ,7,0,piab lade frex  7 0,852,719,39
853,1,LADE bepe ,7,1,LADE bepe  7 1,853,720,34
856,1,PIAB lade ,9,0,PIAB lade  9 0,856,721,63
857,1,piab bepe ,9,0,piab bepe  9 0,857,722,123
858,1,abal lade ,8,1,abal lade  8 1,858,723,86
859,1,FASY acps ,8,0,FASY acps  8 0,859,724,18
860,1,LADE frex ,6,0,LADE frex  6 0,860,725,29
861,1,PIAB frex ,7,0,PIAB frex  7 0,861,726,69
862,1,FASY frex ,5,1,FASY frex  5 1,862,727,16
863,1,LADE frex ,9,1,LADE frex  9 1,863,728,56
864,1,piab fasy ,2,0,piab fasy  2 0,864,729,72
865,1,piab fasy frex ,2,0,piab fasy frex  2 0,865,730,24
866,1,FASY bepe ,8,1,FASY bepe  8 1,866,731,26
869,1,frex ,7,0,frex  7 0,869,732,34
872,1,piab frex ,3,0,piab frex  3 0,872,733,432
873,1,pisy fasy ,6,2,pisy fasy  6 2,873,734,74
874,1,abal lade fasy ,7,2,abal lade fasy  7 2,874,735,170
875,1,abal lade fasy ,9,2,abal lade fasy  9 2,875,736,137
878,1,PIAB fasy ,10,0,PIAB fasy  10 0,878,737,116
879,1,PIAB frex ,9,0,PIAB frex  9 0,879,738,74
881,1,fasy ,4,1,fasy  4 1,881,739,46
883,1,lade fasy bepe ,7,1,lade fasy bepe  7 1,883,740,24
885,1,PIAB bepe ,6,0,PIAB bepe  6 0,885,741,17
886,1,lade bepe ,2,0,lade bepe  2 0,886,742,21
887,1,piab fasy frex ,8,0,piab fasy frex  8 0,887,743,142
888,1,piab acps ,8,2,piab acps  8 2,888,744,62
889,1,fasy bepe ,9,1,fasy bepe  9 1,889,745,38
891,1,abal fasy ,8,0,abal fasy  8 0,891,746,156
892,1,lade fasy frex ,6,1,lade fasy frex  6 1,892,747,21
893,1,FASY bepe ,7,1,FASY bepe  7 1,893,748,23
894,1,piab frex ,10,1,piab frex  10 1,894,749,791
895,1,mix,2,0,mix 2 0,895,750,27
896,1,frex alin ,5,0,frex alin  5 0,896,751,8
898,1,PIAB fasy ,11,1,PIAB fasy  11 1,898,752,1732
899,1,piab fasy frex ,9,0,piab fasy frex  9 0,899,753,123
900,1,frex ,7,1,frex  7 1,900,754,103
901,1,frex ,5,0,frex  5 0,901,755,29
903,1,piab fasy frex ,4,0,piab fasy frex  4 0,903,756,57
904,1,PIAB abal ,8,2,PIAB abal  8 2,904,757,327
905,1,FREX piab ,8,0,FREX piab  8 0,905,758,45
906,1,pisy ,6,2,pisy  6 2,906,759,25
908,1,lade bepe ,8,1,lade bepe  8 1,908,760,261
910,1,fasy acps frex ,9,1,fasy acps frex  9 1,910,761,38
911,1,lade pisy fasy ,9,1,lade pisy fasy  9 1,911,762,35
912,1,PISY fasy ,9,1,PISY fasy  9 1,912,763,36
917,1,piab lade frex ,8,0,piab lade frex  8 0,917,764,48
918,1,FREX ,3,0,FREX  3 0,918,765,1198
920,1,piab abal lade ,8,2,piab abal lade  8 2,920,766,141
921,1,FASY abal ,8,0,FASY abal  8 0,921,767,47
922,1,piab fasy ,4,0,piab fasy  4 0,922,768,209
924,1,piab fasy ,11,2,piab fasy  11 2,924,769,351868
927,1,piab lade fasy ,11,1,piab lade fasy  11 1,927,770,68
928,1,lade fasy ,2,0,lade fasy  2 0,928,771,32
929,1,frex ,8,1,frex  8 1,929,772,106
931,1,LADE piab ,9,0,LADE piab  9 0,931,773,75
933,1,piab pisy fasy ,6,0,piab pisy fasy  6 0,933,774,33
934,1,acps ,7,1,acps  7 1,934,775,31
935,1,PISY piab ,8,1,PISY piab  8 1,935,776,212
938,1,frex bepe ,8,1,frex bepe  8 1,938,777,20
939,1,PIAB acps ,7,1,PIAB acps  7 1,939,778,29
940,1,ACPS ,7,0,ACPS  7 0,940,779,13
943,1,LADE frex ,8,1,LADE frex  8 1,943,780,62
944,1,FREX fasy ,5,1,FREX fasy  5 1,944,781,33
947,1,piab lade bepe ,7,1,piab lade bepe  7 1,947,782,27
949,1,piab lade frex ,9,0,piab lade frex  9 0,949,783,38
950,1,lade frex ,3,0,lade frex  3 0,950,784,114
952,1,piab lade frex ,3,0,piab lade frex  3 0,952,785,52
955,1,LADE ,6,2,LADE  6 2,955,786,34
956,1,LADE piab ,7,2,LADE piab  7 2,956,787,53
957,1,abal fasy ,9,0,abal fasy  9 0,957,788,83
958,1,piab ,2,0,piab  2 0,958,789,103
959,1,FREX lade ,3,0,FREX lade  3 0,959,790,49
961,1,FREX fasy ,6,1,FREX fasy  6 1,961,791,35
962,1,FREX piab ,3,0,FREX piab  3 0,962,792,193
965,1,piab abal lade fasy ,10,1,piab abal lade fasy  10 1,965,793,23
967,1,FASY piab ,4,1,FASY piab  4 1,967,794,1736
968,1,ACPS ,6,2,ACPS  6 2,968,795,66
969,1,FREX ,3,1,FREX  3 1,969,796,265
971,1,piab acps ,8,0,piab acps  8 0,971,797,15
973,1,BEPE frex ,3,0,BEPE frex  3 0,973,798,24
975,1,piab bepe ,10,0,piab bepe  10 0,975,799,56
976,1,piab frex ,10,0,piab frex  10 0,976,800,133
977,1,PIAB fasy ,5,2,PIAB fasy  5 2,977,801,200
978,1,bepe ,8,0,bepe  8 0,978,802,23
980,1,FASY abal ,6,2,FASY abal  6 2,980,803,150
982,1,FREX fasy ,3,0,FREX fasy  3 0,982,804,30
983,1,abal fasy bepe ,8,0,abal fasy bepe  8 0,983,805,6
984,1,piab bepe ,9,1,piab bepe  9 1,984,806,237
986,1,lade fasy bepe ,8,0,lade fasy bepe  8 0,986,807,14
987,1,BEPE piab ,7,0,BEPE piab  7 0,987,808,4
988,1,mix,6,0,mix 6 0,988,809,23
990,1,FASY bepe ,10,1,FASY bepe  10 1,990,810,26
995,1,PIAB frex ,10,0,PIAB frex  10 0,995,811,45
998,1,PIAB abal ,8,1,PIAB abal  8 1,998,812,141
999,1,abal ,8,2,abal  8 2,999,813,42
1001,1,abal fasy acps ,10,1,abal fasy acps  10 1,1001,814,48
1002,1,PISY piab ,5,1,PISY piab  5 1,1002,815,25
1003,1,FREX piab ,8,1,FREX piab  8 1,1003,816,93
1006,1,FASY acps ,8,2,FASY acps  8 2,1006,817,84
1007,1,pisy ,8,0,pisy  8 0,1007,818,49
1008,1,piab fasy bepe ,9,1,piab fasy bepe  9 1,1008,819,58
1011,1,mix,5,0,mix 5 0,1011,820,31
1012,1,lade bepe ,9,1,lade bepe  9 1,1012,821,136
1013,1,FREX piab ,7,1,FREX piab  7 1,1013,822,42
1014,1,FREX bepe ,3,0,FREX bepe  3 0,1014,823,41
1020,1,FREX lade ,5,1,FREX lade  5 1,1020,824,41
1022,1,PIAB frex ,9,1,PIAB frex  9 1,1022,825,215
1023,1,FREX ,8,1,FREX  8 1,1023,826,201
1026,1,frex bepe ,8,0,frex bepe  8 0,1026,827,14
1027,1,fasy frex ,9,0,fasy frex  9 0,1027,828,103
1031,1,piab fasy frex ,8,2,piab fasy frex  8 2,1031,829,270
1032,1,lade ,11,1,lade  11 1,1032,830,40
1034,1,PIAB pisy ,8,2,PIAB pisy  8 2,1034,831,254
1035,1,PISY lade ,6,1,PISY lade  6 1,1035,832,40
1037,1,piab lade bepe ,8,0,piab lade bepe  8 0,1037,833,16
1039,1,acps frex ,6,1,acps frex  6 1,1039,834,10
1040,1,piab lade frex ,9,1,piab lade frex  9 1,1040,835,264
1043,1,FREX lade ,6,1,FREX lade  6 1,1043,836,45
1044,1,piab lade fasy frex ,9,1,piab lade fasy frex  9 1,1044,837,42
1048,1,piab fasy frex ,10,0,piab fasy frex  10 0,1048,838,22
1050,1,PIAB frex ,10,2,PIAB frex  10 2,1050,839,250
1052,1,FREX piab ,4,0,FREX piab  4 0,1052,840,125
1056,1,abal lade fasy ,10,1,abal lade fasy  10 1,1056,841,57
1057,1,piab frex bepe ,9,1,piab frex bepe  9 1,1057,842,35
1059,1,piab lade bepe ,8,1,piab lade bepe  8 1,1059,843,75
1061,1,lade fasy bepe ,8,1,lade fasy bepe  8 1,1061,844,63
1064,1,piab bepe ,3,0,piab bepe  3 0,1064,845,74
1067,1,fasy ,11,1,fasy  11 1,1067,846,50
1069,1,PIAB frex ,7,2,PIAB frex  7 2,1069,847,64
1070,1,abal ,9,2,abal  9 2,1070,848,80
1075,1,PIAB pisy ,9,1,PIAB pisy  9 1,1075,849,210
1077,1,frex ,3,0,frex  3 0,1077,850,152
1079,1,FASY acps ,7,2,FASY acps  7 2,1079,851,102
1084,1,piab lade frex ,4,0,piab lade frex  4 0,1084,852,35
1088,1,frex alin ,1,0,frex alin  1 0,1088,853,6
1089,1,FREX lade ,4,0,FREX lade  4 0,1089,854,30
1090,1,piab frex ,7,2,piab frex  7 2,1090,855,228
1092,1,fasy bepe ,8,1,fasy bepe  8 1,1092,856,80
1093,1,piab lade frex ,10,1,piab lade frex  10 1,1093,857,178
1094,1,LADE frex ,8,0,LADE frex  8 0,1094,858,20
1095,1,PIAB frex ,11,1,PIAB frex  11 1,1095,859,115
1099,1,piab abal lade fasy ,10,2,piab abal lade fasy  10 2,1099,860,52
1100,1,PIAB frex ,3,0,PIAB frex  3 0,1100,861,91
1108,1,LADE frex ,1,0,LADE frex  1 0,1108,862,25
1112,1,piab frex ,8,2,piab frex  8 2,1112,863,296
1114,1,piab lade pisy fasy ,8,1,piab lade pisy fasy  8 1,1114,864,70
1116,1,fasy acps ,9,2,fasy acps  9 2,1116,865,138
1118,1,piab pisy ,9,0,piab pisy  9 0,1118,866,23
1119,1,lade bepe ,9,0,lade bepe  9 0,1119,867,25
1120,1,piab lade bepe ,9,1,piab lade bepe  9 1,1120,868,70
1121,1,piab pisy ,9,2,piab pisy  9 2,1121,869,6709
1122,1,frex bepe ,9,1,frex bepe  9 1,1122,870,14
1125,1,FASY abal ,8,2,FASY abal  8 2,1125,871,2159
1127,1,piab abal fasy ,9,0,piab abal fasy  9 0,1127,872,20
1130,1,piab frex ,11,0,piab frex  11 0,1130,873,23
1133,1,piab fasy acps ,10,1,piab fasy acps  10 1,1133,874,20
1136,1,FREX lade ,4,1,FREX lade  4 1,1136,875,24
1138,1,lade frex bepe ,1,0,lade frex bepe  1 0,1138,876,19
1140,1,piab fasy frex ,9,2,piab fasy frex  9 2,1140,877,422
1142,1,ABAL fasy ,7,1,ABAL fasy  7 1,1142,878,40
1144,1,lade frex ,10,1,lade frex  10 1,1144,879,165
1146,1,PISY ,8,1,PISY  8 1,1146,880,740
1147,1,piab abal ,10,1,piab abal  10 1,1147,881,48
1151,1,FASY frex ,10,1,FASY frex  10 1,1151,882,13
1155,1,piab ,10,0,piab  10 0,1155,883,49
1156,1,frex ,2,0,frex  2 0,1156,884,58
1159,1,FASY piab ,9,0,FASY piab  9 0,1159,885,101
1160,1,frex ,9,1,frex  9 1,1160,886,57
1161,1,lade fasy frex ,3,0,lade fasy frex  3 0,1161,887,14
1162,1,pisy fasy ,10,1,pisy fasy  10 1,1162,888,80
1163,1,LADE frex ,10,1,LADE frex  10 1,1163,889,76
1165,1,piab frex ,11,1,piab frex  11 1,1165,890,220
1168,1,piab pisy ,10,1,piab pisy  10 1,1168,891,94
1170,1,piab pisy fasy ,10,1,piab pisy fasy  10 1,1170,892,109
1171,1,piab fasy frex ,3,0,piab fasy frex  3 0,1171,893,37
1176,1,PIAB lade ,1,0,PIAB lade  1 0,1176,894,39
1179,1,mix,7,0,mix 7 0,1179,895,11
1182,1,frex ,6,0,frex  6 0,1182,896,19
1184,1,piab fasy ,12,1,piab fasy  12 1,1184,897,483
1186,1,LADE piab ,1,0,LADE piab  1 0,1186,898,23
1190,1,FREX ,9,1,FREX  9 1,1190,899,116
1191,1,LADE piab ,10,1,LADE piab  10 1,1191,900,476
1195,1,fasy frex ,8,2,fasy frex  8 2,1195,901,324
1199,1,piab ,3,0,piab  3 0,1199,902,192
1203,1,BEPE piab ,3,0,BEPE piab  3 0,1203,903,35
1204,1,FREX piab ,5,0,FREX piab  5 0,1204,904,64
1205,1,piab fasy acps ,9,2,piab fasy acps  9 2,1205,905,109
1206,1,abal lade fasy ,10,2,abal lade fasy  10 2,1206,906,50
1207,1,piab lade ,11,1,piab lade  11 1,1207,907,440
1209,1,PIAB bepe ,9,1,PIAB bepe  9 1,1209,908,53
1214,1,piab bepe ,10,1,piab bepe  10 1,1214,909,188
1215,1,piab fasy ,3,0,piab fasy  3 0,1215,910,119
1219,1,piab lade frex ,5,0,piab lade frex  5 0,1219,911,31
1222,1,piab acps ,9,1,piab acps  9 1,1222,912,41
1227,1,bepe ,3,0,bepe  3 0,1227,913,23
1229,1,PIAB frex ,8,2,PIAB frex  8 2,1229,914,125
1232,1,ABAL fasy ,8,1,ABAL fasy  8 1,1232,915,35
1236,1,piab ,11,2,piab  11 2,1236,916,2413
1239,1,piab fasy frex ,7,2,piab fasy frex  7 2,1239,917,94
1240,1,frex ,4,0,frex  4 0,1240,918,112
1245,1,piab ,4,0,piab  4 0,1245,919,214
1246,1,LADE piab ,8,2,LADE piab  8 2,1246,920,179
1250,1,FREX piab ,5,1,FREX piab  5 1,1250,921,65
1251,1,FREX piab ,9,1,FREX piab  9 1,1251,922,134
1253,1,FREX piab ,4,1,FREX piab  4 1,1253,923,65
1256,1,lade fasy bepe ,9,1,lade fasy bepe  9 1,1256,924,28
1260,1,piab lade fasy ,2,0,piab lade fasy  2 0,1260,925,14
1261,1,piab frex bepe ,10,1,piab frex bepe  10 1,1261,926,27
1262,1,piab acps ,9,2,piab acps  9 2,1262,927,64
1266,1,FREX lade ,7,1,FREX lade  7 1,1266,928,17
1267,1,piab frex ,5,1,piab frex  5 1,1267,929,310
1270,1,abal lade fasy ,8,2,abal lade fasy  8 2,1270,930,429
1271,1,piab lade frex ,11,1,piab lade frex  11 1,1271,931,21
1277,1,piab frex bepe ,4,0,piab frex bepe  4 0,1277,932,6
1278,1,SACA ,1,0,SACA  1 0,1278,933,19
1280,1,piab frex ,4,1,piab frex  4 1,1280,934,149
1281,1,frex ,4,1,frex  4 1,1281,935,58
1282,1,piab frex ,3,1,piab frex  3 1,1282,936,19
1284,1,FASY abal ,9,2,FASY abal  9 2,1284,937,3869
1289,1,piab abal ,11,2,piab abal  11 2,1289,938,748
1291,1,PIAB lade ,2,0,PIAB lade  2 0,1291,939,19
1292,1,piab lade frex ,7,1,piab lade frex  7 1,1292,940,45
1295,1,lade frex ,5,1,lade frex  5 1,1295,941,29
1296,1,piab ,4,1,piab  4 1,1296,942,48
1297,1,FASY ,11,1,FASY  11 1,1297,943,295
1298,1,piab fasy frex ,4,1,piab fasy frex  4 1,1298,944,26
1299,1,piab frex ,9,2,piab frex  9 2,1299,945,309
1300,1,ABAL ,8,1,ABAL  8 1,1300,946,60
1301,1,FASY piab ,11,2,FASY piab  11 2,1301,947,107458
1304,1,PISY lade ,7,1,PISY lade  7 1,1304,948,30
1310,1,piab lade frex ,5,1,piab lade frex  5 1,1310,949,24
1318,1,FASY pisy ,6,1,FASY pisy  6 1,1318,950,19
1319,1,piab frex ,10,2,piab frex  10 2,1319,951,491
1323,1,LADE bepe ,8,1,LADE bepe  8 1,1323,952,18
1326,1,fasy ,3,0,fasy  3 0,1326,953,44
1327,1,fasy frex ,10,2,fasy frex  10 2,1327,954,69
1331,1,LADE piab ,4,0,LADE piab  4 0,1331,955,21
1334,1,piab ,5,1,piab  5 1,1334,956,143
1336,1,piab bepe ,4,1,piab bepe  4 1,1336,957,22
1337,1,FASY abal ,9,1,FASY abal  9 1,1337,958,150
1340,1,fasy frex ,4,1,fasy frex  4 1,1340,959,97
1344,1,piab fasy frex ,11,2,piab fasy frex  11 2,1344,960,56
1345,1,PIAB lade ,3,0,PIAB lade  3 0,1345,961,21
1352,1,PIAB lade ,11,1,PIAB lade  11 1,1352,962,70
1354,1,piab lade frex ,6,1,piab lade frex  6 1,1354,963,18
1359,1,PIAB lade ,5,0,PIAB lade  5 0,1359,964,25
1360,1,PIAB frex ,9,2,PIAB frex  9 2,1360,965,159
1366,1,fasy ,11,2,fasy  11 2,1366,966,1277
1367,1,piab lade fasy ,4,0,piab lade fasy  4 0,1367,967,16
1369,1,lade fasy frex ,9,2,lade fasy frex  9 2,1369,968,130
1371,1,piab frex ,11,2,piab frex  11 2,1371,969,279
1372,1,piab frex alin ,6,1,piab frex alin  6 1,1372,970,15
1373,1,frex ,5,1,frex  5 1,1373,971,62
1378,1,fasy frex ,9,2,fasy frex  9 2,1378,972,426
1379,1,piab fasy frex ,10,2,piab fasy frex  10 2,1379,973,188
1381,1,piab lade frex ,9,2,piab lade frex  9 2,1381,974,95
1382,1,PIAB bepe ,10,1,PIAB bepe  10 1,1382,975,29
1384,1,ACPS ,7,2,ACPS  7 2,1384,976,19
1386,1,pisy ,9,1,pisy  9 1,1386,977,133
1387,1,lade pisy fasy ,8,2,lade pisy fasy  8 2,1387,978,87
1388,1,piab lade bepe ,10,1,piab lade bepe  10 1,1388,979,32
1390,1,PIAB lade ,11,2,PIAB lade  11 2,1390,980,1531
1391,1,frex ,6,1,frex  6 1,1391,981,40
1394,1,piab ,12,2,piab  12 2,1394,982,819
1397,1,LADE piab ,9,2,LADE piab  9 2,1397,983,196
1399,1,pisy ,8,2,pisy  8 2,1399,984,396
1401,1,piab frex ,6,2,piab frex  6 2,1401,985,139
1402,1,PISY fasy ,7,2,PISY fasy  7 2,1402,986,22
1405,1,PIAB fasy ,3,0,PIAB fasy  3 0,1405,987,21
1406,1,piab lade fasy ,11,2,piab lade fasy  11 2,1406,988,965
1407,1,abal fasy ,11,1,abal fasy  11 1,1407,989,34
1411,1,PIAB lade ,4,0,PIAB lade  4 0,1411,990,17
1415,1,piab frex ,5,2,piab frex  5 2,1415,991,42
1417,1,PISY ,4,2,PISY  4 2,1417,992,22
1419,1,PIAB frex ,11,2,PIAB frex  11 2,1419,993,193
1423,1,piab lade frex ,11,2,piab lade frex  11 2,1423,994,45
1428,1,piab fasy frex ,6,2,piab fasy frex  6 2,1428,995,55
1435,1,piab lade fasy frex ,9,2,piab lade fasy frex  9 2,1435,996,25
1437,1,FASY frex ,8,2,FASY frex  8 2,1437,997,44
1439,1,pisy fasy ,10,2,pisy fasy  10 2,1439,998,276
1440,1,piab lade ,11,2,piab lade  11 2,1440,999,2878
1442,1,fasy ,5,2,fasy  5 2,1442,1000,81
1443,1,FASY pisy ,9,1,FASY pisy  9 1,1443,1001,28
1444,1,lade fasy frex ,8,2,lade fasy frex  8 2,1444,1002,86
1445,1,piab fasy bepe ,10,1,piab fasy bepe  10 1,1445,1003,22
1446,1,PIAB acps ,8,1,PIAB acps  8 1,1446,1004,23
1447,1,piab bepe ,9,2,piab bepe  9 2,1447,1005,22
1449,1,FREX ,10,1,FREX  10 1,1449,1006,24
1450,1,lade frex ,9,2,lade frex  9 2,1450,1007,117
1452,1,PIAB bepe ,10,2,PIAB bepe  10 2,1452,1008,22
1453,1,lade fasy frex ,10,2,lade fasy frex  10 2,1453,1009,44
1454,1,PIAB frex ,6,2,PIAB frex  6 2,1454,1010,33
1456,1,piab pisy fasy ,10,2,piab pisy fasy  10 2,1456,1011,2166
1462,1,lade frex ,7,2,lade frex  7 2,1462,1012,27
1463,1,piab lade frex ,8,2,piab lade frex  8 2,1463,1013,26
1464,1,acps ,8,1,acps  8 1,1464,1014,16
1465,1,FASY ,11,2,FASY  11 2,1465,1015,121796
1467,1,fasy ,4,2,fasy  4 2,1467,1016,18
1469,1,FASY pisy ,8,2,FASY pisy  8 2,1469,1017,579
1471,1,FASY piab ,11,1,FASY piab  11 1,1471,1018,241
1472,1,PISY piab ,8,2,PISY piab  8 2,1472,1019,86
1475,1,piab abal fasy ,11,2,piab abal fasy  11 2,1475,1020,2369
1478,1,LADE ,8,2,LADE  8 2,1478,1021,268
1480,1,lade ,8,2,lade  8 2,1480,1022,136
1481,1,piab lade frex ,10,2,piab lade frex  10 2,1481,1023,148
1482,1,piab fasy ,12,2,piab fasy  12 2,1482,1024,84637
1483,1,fasy acps ,10,2,fasy acps  10 2,1483,1025,104
1484,1,PISY piab ,9,2,PISY piab  9 2,1484,1026,53
1485,1,FREX piab ,10,1,FREX piab  10 1,1485,1027,65
1486,1,piab bepe ,11,1,piab bepe  11 1,1486,1028,16
1488,1,PIAB ,12,2,PIAB  12 2,1488,1029,202267
1489,1,FREX piab ,6,0,FREX piab  6 0,1489,1030,52
1490,1,PISY ,8,2,PISY  8 2,1490,1031,300
1491,1,LADE ,10,2,LADE  10 2,1491,1032,149
1492,1,lade frex ,8,2,lade frex  8 2,1492,1033,76
1495,1,PIAB abal ,9,1,PIAB abal  9 1,1495,1034,56
1500,1,PISY piab ,9,1,PISY piab  9 1,1500,1035,36
1502,1,FASY pisy ,9,2,FASY pisy  9 2,1502,1036,486
1503,1,lade ,9,2,lade  9 2,1503,1037,222
1505,1,piab acps ,10,2,piab acps  10 2,1505,1038,39
1507,1,LADE piab ,10,2,LADE piab  10 2,1507,1039,247
1510,1,lade frex ,10,2,lade frex  10 2,1510,1040,63
1513,1,FASY acps ,10,2,FASY acps  10 2,1513,1041,19
1514,1,PIAB frex ,6,0,PIAB frex  6 0,1514,1042,47
1516,1,FREX fasy ,4,1,FREX fasy  4 1,1516,1043,27
1517,1,piab abal lade fasy ,9,2,piab abal lade fasy  9 2,1517,1044,52
1520,1,piab lade ,12,2,piab lade  12 2,1520,1045,159
1521,1,PISY ,9,1,PISY  9 1,1521,1046,114
1522,1,pisy ,9,2,pisy  9 2,1522,1047,191
1523,1,piab abal lade ,10,2,piab abal lade  10 2,1523,1048,52
1524,1,fasy frex ,5,2,fasy frex  5 2,1524,1049,82
1525,1,FASY frex ,9,2,FASY frex  9 2,1525,1050,37
1529,1,lade ,10,2,lade  10 2,1529,1051,145
1533,1,FREX piab ,6,1,FREX piab  6 1,1533,1052,35
1534,1,LADE piab ,11,1,LADE piab  11 1,1534,1053,24
1535,1,FASY abal ,10,2,FASY abal  10 2,1535,1054,2523
1538,1,piab lade fasy frex ,10,2,piab lade fasy frex  10 2,1538,1055,44
1541,1,FASY ,11,0,FASY  11 0,1541,1056,34
1542,1,lade ,11,2,lade  11 2,1542,1057,20
1543,1,abal frex ,9,1,abal frex  9 1,1543,1058,13
1544,1,fasy frex ,7,2,fasy frex  7 2,1544,1059,68
1546,1,FREX ,4,2,FREX  4 2,1546,1060,9
1549,1,frex ,9,2,frex  9 2,1549,1061,19
1552,1,PIAB fasy ,12,2,PIAB fasy  12 2,1552,1062,54974
1553,1,LADE ,9,2,LADE  9 2,1553,1063,241
1557,1,PIAB acps ,10,2,PIAB acps  10 2,1557,1064,26
1558,1,fasy frex ,4,2,fasy frex  4 2,1558,1065,58
1564,1,PIAB ,12,1,PIAB  12 1,1564,1066,4483
1567,1,ABAL fasy ,8,2,ABAL fasy  8 2,1567,1067,30
1568,1,PIAB lade ,12,2,PIAB lade  12 2,1568,1068,143
1569,1,PIAB abal ,11,2,PIAB abal  11 2,1569,1069,401
1570,1,FASY ,12,2,FASY  12 2,1570,1070,10747
1578,1,PISY ,9,2,PISY  9 2,1578,1071,78
1579,1,abal fasy ,11,2,abal fasy  11 2,1579,1072,979
1582,1,lade fasy ,11,2,lade fasy  11 2,1582,1073,70
1583,1,lade pisy fasy ,9,2,lade pisy fasy  9 2,1583,1074,46
1585,1,FASY frex ,5,2,FASY frex  5 2,1585,1075,23
1586,1,lade pisy ,9,2,lade pisy  9 2,1586,1076,168
1589,1,PISY fasy ,8,2,PISY fasy  8 2,1589,1077,48
1590,1,abal ,10,2,abal  10 2,1590,1078,22
1594,1,lade ,7,2,lade  7 2,1594,1079,34
1600,1,FASY ,4,2,FASY  4 2,1600,1080,2450
1603,1,piab fasy acps ,10,2,piab fasy acps  10 2,1603,1081,64
1604,1,piab lade fasy ,12,2,piab lade fasy  12 2,1604,1082,52
1606,1,PIAB pisy ,10,2,PIAB pisy  10 2,1606,1083,899
1608,1,FASY frex ,6,2,FASY frex  6 2,1608,1084,17
1611,1,LADE piab ,11,2,LADE piab  11 2,1611,1085,36
1613,1,piab abal ,12,2,piab abal  12 2,1613,1086,203
1615,1,piab lade pisy fasy ,8,2,piab lade pisy fasy  8 2,1615,1087,35
1618,1,FASY pisy ,10,2,FASY pisy  10 2,1618,1088,26
1622,1,fasy frex ,6,2,fasy frex  6 2,1622,1089,65
1629,1,FASY abal ,11,2,FASY abal  11 2,1629,1090,798
1639,1,PIAB ,13,2,PIAB  13 2,1639,1091,29189
1640,1,PIAB ,13,1,PIAB  13 1,1640,1092,505
1643,1,piab pisy ,11,2,piab pisy  11 2,1643,1093,130
1646,1,piab pisy fasy ,11,2,piab pisy fasy  11 2,1646,1094,41
1647,1,PIAB pisy ,11,2,PIAB pisy  11 2,1647,1095,69
1648,1,PIAB fasy ,12,1,PIAB fasy  12 1,1648,1096,341
1649,1,FASY pisy ,7,2,FASY pisy  7 2,1649,1097,53
1650,1,piab abal fasy ,12,2,piab abal fasy  12 2,1650,1098,727
1651,1,PIAB abal ,12,2,PIAB abal  12 2,1651,1099,80
1652,1,PIAB fasy ,13,2,PIAB fasy  13 2,1652,1100,6865
1656,1,piab abal fasy ,11,1,piab abal fasy  11 1,1656,1101,26
1657,1,FASY piab ,12,2,FASY piab  12 2,1657,1102,15064
1659,1,piab fasy ,13,1,piab fasy  13 1,1659,1103,73
1660,1,piab fasy ,13,2,piab fasy  13 2,1660,1104,6973
1666,1,FASY qupe ,5,1,FASY qupe  5 1,1666,1105,18
1670,1,FASY qupe ,5,2,FASY qupe  5 2,1670,1106,42
1671,1,fasy ,12,2,fasy  12 2,1671,1107,202
1674,1,FASY abal ,10,1,FASY abal  10 1,1674,1108,53
1675,1,FASY qupe ,6,2,FASY qupe  6 2,1675,1109,141
1676,1,PIAB ,12,0,PIAB  12 0,1676,1110,29
1677,1,FASY abal ,11,1,FASY abal  11 1,1677,1111,22
1680,1,FASY piab ,4,2,FASY piab  4 2,1680,1112,782
1681,1,FASY piab ,13,2,FASY piab  13 2,1681,1113,609
1683,1,piab abal fasy ,12,1,piab abal fasy  12 1,1683,1114,41
1684,1,FASY ,13,2,FASY  13 2,1684,1115,157
1686,1,PIAB fasy ,13,1,PIAB fasy  13 1,1686,1116,41
1687,1,FASY ,12,1,FASY  12 1,1687,1117,39
1690,1,FASY piab ,12,1,FASY piab  12 1,1690,1118,35
1691,1,abal fasy ,12,2,abal fasy  12 2,1691,1119,150
1692,1,FASY qupe ,8,1,FASY qupe  8 1,1692,1120,97
1693,1,FASY qupe ,8,2,FASY qupe  8 2,1693,1121,4117
1694,1,fasy qupe ,8,1,fasy qupe  8 1,1694,1122,405
1695,1,fasy qupe ,8,2,fasy qupe  8 2,1695,1123,7975
1696,1,FASY qupe ,9,2,FASY qupe  9 2,1696,1124,7196
1697,1,FASY qupe ,9,1,FASY qupe  9 1,1697,1125,109
1698,1,FASY qupe ,7,1,FASY qupe  7 1,1698,1126,60
1700,1,fasy qupe ,7,1,fasy qupe  7 1,1700,1127,205
1701,1,piab abal ,12,1,piab abal  12 1,1701,1128,24
1716,1,piab ,13,2,piab  13 2,1716,1129,142
1717,1,FASY abal ,12,2,FASY abal  12 2,1717,1130,112
933,1,PISY ,3,2,PISY  3 2,1735,1131,21
1121,1,piab abal lade fasy ,7,2,piab abal lade fasy  7 2,1762,1132,20
1126,1,FREX piab ,9,0,FREX piab  9 0,1763,1133,14
1169,1,fasy ,2,0,fasy  2 0,1775,1134,27
1228,1,lade ,2,0,lade  2 0,1795,1135,43
1272,1,lade ,3,0,lade  3 0,1806,1136,27
1308,1,lade ,4,0,lade  4 0,1817,1137,15
1401,1,ACPS fasy ,7,2,ACPS fasy  7 2,1851,1138,17
1431,1,piab bepe ,10,2,piab bepe  10 2,1860,1139,23
1587,1,FASY acps ,9,2,FASY acps  9 2,1913,1140,27
1592,1,FASY abal ,5,2,FASY abal  5 2,1916,1141,21
1601,1,PIAB pisy ,10,1,PIAB pisy  10 1,1920,1142,20
1695,1,PIAB abal ,10,1,PIAB abal  10 1,1980,1143,23
1729,1,PIAB ,14,2,PIAB  14 2,1994,1144,296
1731,1,ABAL fasy ,9,2,ABAL fasy  9 2,1996,1145,24
1741,1,FASY qupe ,7,2,FASY qupe  7 2,2001,1146,598
1345,11,bepe ,8,1,bepe  8 1,2081,1147,15
1524,11,FASY ,3,2,FASY  3 2,2114,1148,116
1599,11,fasy qupe ,5,1,fasy qupe  5 1,2141,1149,27
1624,11,piab lade pisy fasy ,9,2,piab lade pisy fasy  9 2,2153,1150,30
1647,11,FREX piab ,11,1,FREX piab  11 1,2162,1151,18
1659,11,PISY fasy ,9,2,PISY fasy  9 2,2166,1152,20
1664,11,fasy qupe ,9,2,fasy qupe  9 2,2170,1153,24455
1682,11,fasy qupe ,5,2,fasy qupe  5 2,2176,1154,52
1684,11,fasy qupe ,7,2,fasy qupe  7 2,2177,1155,1051
1693,11,fasy qupe ,10,2,fasy qupe  10 2,2182,1156,10220
1703,11,FASY qupe ,6,1,FASY qupe  6 1,2186,1157,38
1705,11,FASY piab ,3,1,FASY piab  3 1,2187,1158,25
1707,11,fasy qupe ,6,2,fasy qupe  6 2,2188,1159,160
1709,11,fasy qupe ,6,1,fasy qupe  6 1,2190,1160,64
1711,11,FASY qupe ,10,2,FASY qupe  10 2,2191,1161,1400
1717,11,fasy qupe ,9,1,fasy qupe  9 1,2193,1162,498
1722,11,piab abal fasy ,13,2,piab abal fasy  13 2,2197,1163,89
1725,11,FASY quro ,9,2,FASY quro  9 2,2199,1164,60
1727,11,piab fasy pini ,6,1,piab fasy pini  6 1,2201,1165,188
1728,11,piab fasy pini ,6,2,piab fasy pini  6 2,2202,1166,194
1729,11,piab fasy qupe ,9,2,piab fasy qupe  9 2,2203,1167,20375
1730,11,FASY quro ,8,1,FASY quro  8 1,2204,1168,14
1732,11,FASY quro ,8,2,FASY quro  8 2,2205,1169,73
1733,11,piab fasy qupe ,10,2,piab fasy qupe  10 2,2206,1170,24711
1734,11,PIAB fasy ,14,2,PIAB fasy  14 2,2207,1171,36
1736,11,piab fasy ,14,2,piab fasy  14 2,2208,1172,29
1739,11,fasy pini ,6,1,fasy pini  6 1,2210,1173,129
1740,11,fasy pini ,6,2,fasy pini  6 2,2211,1174,392
1747,11,FASY pini ,6,2,FASY pini  6 2,2213,1175,340
1751,11,FASY pini ,5,2,FASY pini  5 2,2214,1176,30
1754,11,piab fasy qupe ,7,1,piab fasy qupe  7 1,2216,1177,99
1757,11,piab fasy qupe ,7,2,piab fasy qupe  7 2,2218,1178,241
1759,11,piab qupe ,9,1,piab qupe  9 1,2219,1179,1316
1761,11,piab fasy ,3,1,piab fasy  3 1,2220,1180,138
1762,11,piab fasy qupe ,8,2,piab fasy qupe  8 2,2221,1181,4910
1763,11,piab fasy qupe ,11,1,piab fasy qupe  11 1,2222,1182,82
1764,11,FASY pini ,7,2,FASY pini  7 2,2223,1183,197
1766,11,piab fasy qupe ,11,2,piab fasy qupe  11 2,2224,1184,6934
1768,11,fasy pini ,7,2,fasy pini  7 2,2225,1185,1070
1769,11,fasy quro ,9,2,fasy quro  9 2,2226,1186,117
1770,11,piab fasy quro ,10,1,piab fasy quro  10 1,2227,1187,22
1771,11,FASY qupe ,11,2,FASY qupe  11 2,2228,1188,30
1774,11,piab fasy qupe ,10,1,piab fasy qupe  10 1,2230,1189,245
1775,11,FASY pini ,6,1,FASY pini  6 1,2231,1190,29
1776,11,abal fasy qupe ,8,2,abal fasy qupe  8 2,2232,1191,15
1777,11,fasy qupe ,11,2,fasy qupe  11 2,2233,1192,1101
1779,11,piab fasy pini ,5,1,piab fasy pini  5 1,2234,1193,60
1780,11,piab qupe ,10,1,piab qupe  10 1,2235,1194,627
1781,11,fasy pini ,5,1,fasy pini  5 1,2236,1195,81
1782,11,fasy qupe ,10,1,fasy qupe  10 1,2237,1196,253
1783,11,piab qupe ,5,1,piab qupe  5 1,2238,1197,23
1784,11,piab qupe ,6,1,piab qupe  6 1,2239,1198,42
1785,11,piab qupe ,10,2,piab qupe  10 2,2240,1199,49474
1786,11,piab fasy pini ,5,2,piab fasy pini  5 2,2241,1200,43
1787,11,piab qupe ,7,1,piab qupe  7 1,2242,1201,334
1788,11,fasy qupe ,11,1,fasy qupe  11 1,2243,1202,43
1789,11,piab qupe ,7,2,piab qupe  7 2,2244,1203,800
1790,11,piab qupe ,8,2,piab qupe  8 2,2245,1204,11411
1794,11,fasy pini ,5,2,fasy pini  5 2,2248,1205,146
1797,11,piab fasy qupe ,6,1,piab fasy qupe  6 1,2251,1206,18
1800,11,piab qupe ,9,2,piab qupe  9 2,2254,1207,38801
1803,11,QUPE piab ,10,2,QUPE piab  10 2,2257,1208,7069
1804,11,piab fasy qupe ,8,1,piab fasy qupe  8 1,2258,1209,470
1805,11,piab qupe ,11,1,piab qupe  11 1,2259,1210,220
1806,11,fasy quro ,8,1,fasy quro  8 1,2260,1211,23
1808,11,QUPE fasy ,8,2,QUPE fasy  8 2,2262,1212,56
1809,11,piab fasy qupe ,9,1,piab fasy qupe  9 1,2263,1213,531
1810,11,piab qupe ,11,2,piab qupe  11 2,2264,1214,24449
1811,11,PIAB qupe ,11,1,PIAB qupe  11 1,2265,1215,50
1812,11,PIAB qupe ,11,2,PIAB qupe  11 2,2266,1216,5431
1813,11,fasy quro ,9,1,fasy quro  9 1,2267,1217,40
1814,11,piab fasy quro ,12,2,piab fasy quro  12 2,2268,1218,28
1817,11,fasy quro ,6,2,fasy quro  6 2,2271,1219,17
1818,11,QUPE ,8,1,QUPE  8 1,2272,1220,234
1820,11,PIAB qupe ,10,1,PIAB qupe  10 1,2273,1221,184
1822,11,piab qupe ,8,1,piab qupe  8 1,2274,1222,1108
1823,11,piab fasy qupe ,12,2,piab fasy qupe  12 2,2275,1223,1267
1824,11,piab quro ,9,2,piab quro  9 2,2276,1224,40
1825,11,piab fasy pini ,7,1,piab fasy pini  7 1,2277,1225,387
1826,11,QUPE ,8,2,QUPE  8 2,2278,1226,3870
1827,11,piab fasy pini ,7,2,piab fasy pini  7 2,2279,1227,1210
1831,11,QUPE ,9,1,QUPE  9 1,2282,1228,192
1833,11,piab fasy pini ,8,1,piab fasy pini  8 1,2283,1229,350
1836,11,fasy quro qupe ,9,2,fasy quro qupe  9 2,2284,1230,34
1837,11,fasy qupe pini ,7,2,fasy qupe pini  7 2,2285,1231,82
1838,11,QUPE ,9,2,QUPE  9 2,2286,1232,9425
1841,11,qupe ,9,1,qupe  9 1,2289,1233,28
1842,11,quro qupe ,9,2,quro qupe  9 2,2290,1234,67
1843,11,quro qupe ,8,2,quro qupe  8 2,2291,1235,148
1844,11,fasy quro qupe ,8,2,fasy quro qupe  8 2,2292,1236,36
1845,11,FASY qupe ,10,1,FASY qupe  10 1,2293,1237,47
1846,11,piab qupe ,12,2,piab qupe  12 2,2294,1238,6735
1850,11,QUPE ,11,1,QUPE  11 1,2298,1239,42
1851,11,QUPE ,10,1,QUPE  10 1,2299,1240,161
1853,11,QUPE ,10,2,QUPE  10 2,2301,1241,9449
1854,11,PIAB qupe ,10,2,PIAB qupe  10 2,2302,1242,3510
1855,11,qupe ,9,2,qupe  9 2,2303,1243,2024
1856,11,FASY pini ,8,2,FASY pini  8 2,2304,1244,219
1859,11,fasy pini ,8,1,fasy pini  8 1,2307,1245,109
1865,11,QUPE ,6,1,QUPE  6 1,2313,1246,83
1866,11,piab fasy quro ,9,2,piab fasy quro  9 2,2314,1247,53
1868,11,piab quro qupe ,9,2,piab quro qupe  9 2,2315,1248,110
1869,11,QUPE fasy ,9,2,QUPE fasy  9 2,2316,1249,133
1870,11,fasy quro ,8,2,fasy quro  8 2,2317,1250,42
1871,11,fasy pini ,8,2,fasy pini  8 2,2318,1251,1975
1872,11,fasy pini ,9,1,fasy pini  9 1,2319,1252,131
1873,11,fasy pini ,9,2,fasy pini  9 2,2320,1253,778
1874,11,piab fasy pini ,9,2,piab fasy pini  9 2,2321,1254,1090
1875,11,piab quro qupe ,9,1,piab quro qupe  9 1,2322,1255,25
1876,11,fasy pini ,7,1,fasy pini  7 1,2323,1256,113
1877,11,piab quro qupe ,8,1,piab quro qupe  8 1,2324,1257,31
1878,11,piab quro qupe ,8,2,piab quro qupe  8 2,2325,1258,73
1879,11,quro qupe ,8,1,quro qupe  8 1,2326,1259,29
1881,11,piab fasy quro qupe ,10,2,piab fasy quro qupe  10 2,2328,1260,33
1883,11,piab quro qupe ,10,2,piab quro qupe  10 2,2330,1261,120
1888,11,fasy quro qupe ,7,2,fasy quro qupe  7 2,2334,1262,20
1891,11,QUPE fasy ,7,2,QUPE fasy  7 2,2337,1263,58
1892,11,piab fasy quro ,10,2,piab fasy quro  10 2,2338,1264,67
1895,11,PINI fasy ,6,2,PINI fasy  6 2,2341,1265,91
1896,11,QUPE ,5,2,QUPE  5 2,2342,1266,23
1898,11,FASY pini ,5,1,FASY pini  5 1,2344,1267,23
1903,11,QUPE piab ,7,1,QUPE piab  7 1,2347,1268,27
1905,11,QUPE piab ,7,2,QUPE piab  7 2,2349,1269,117
1906,11,QUPE piab ,8,2,QUPE piab  8 2,2350,1270,1394
1909,11,FASY quro ,9,1,FASY quro  9 1,2353,1271,15
1910,11,QUPE ,7,2,QUPE  7 2,2354,1272,527
1912,11,QUPE ,7,1,QUPE  7 1,2356,1273,129
1670,12,PIAB qupe ,8,1,PIAB qupe  8 1,2476,1274,123
1682,12,PIAB qupe ,9,1,PIAB qupe  9 1,2479,1275,280
1689,12,PIAB qupe ,9,2,PIAB qupe  9 2,2481,1276,1478
1701,12,FASY quro ,7,2,FASY quro  7 2,2483,1277,25
1757,12,abal fasy qupe ,9,2,abal fasy qupe  9 2,2491,1278,32
1775,12,FASY quro ,10,2,FASY quro  10 2,2497,1279,18
1782,12,fasy pini ,10,2,fasy pini  10 2,2498,1280,30
1801,12,quro qupe ,6,1,quro qupe  6 1,2507,1281,20
1806,12,QUPE quro ,7,2,QUPE quro  7 2,2509,1282,25
1809,12,fasy quro ,10,2,fasy quro  10 2,2511,1283,99
1812,12,piab fasy quro ,9,1,piab fasy quro  9 1,2512,1284,17
1814,12,piab fasy quro ,8,2,piab fasy quro  8 2,2513,1285,15
1815,12,piab quro qupe ,10,1,piab quro qupe  10 1,2514,1286,15
1817,12,fasy quro ,10,1,fasy quro  10 1,2516,1287,15
1833,12,QUPE ,6,2,QUPE  6 2,2519,1288,186
1834,12,qupe ,6,2,qupe  6 2,2520,1289,28
1838,12,piab fasy pini ,9,1,piab fasy pini  9 1,2521,1290,242
1839,12,qupe ,7,2,qupe  7 2,2522,1291,181
1840,12,quro qupe ,10,2,quro qupe  10 2,2523,1292,83
1844,12,QUPE pini ,7,2,QUPE pini  7 2,2525,1293,24
1845,12,piab quro ,8,2,piab quro  8 2,2526,1294,26
1853,12,qupe pini ,7,2,qupe pini  7 2,2530,1295,439
1854,12,qupe pini ,6,2,qupe pini  6 2,2531,1296,159
1855,12,piab quro ,8,1,piab quro  8 1,2532,1297,30
1863,12,qupe ,10,2,qupe  10 2,2537,1298,940
1876,12,qupe ,8,2,qupe  8 2,2544,1299,1319
1881,12,quro qupe ,6,2,quro qupe  6 2,2547,1300,60
1728,21,piab fasy quro ,11,2,piab fasy quro  11 2,2665,1301,41
1771,21,fasy qupe ,12,2,fasy qupe  12 2,2679,1302,147
1774,21,piab quro ,10,2,piab quro  10 2,2681,1303,135
1776,21,quro qupe ,11,2,quro qupe  11 2,2683,1304,160
1788,21,piab fasy qupe ,12,1,piab fasy qupe  12 1,2687,1305,26
1793,21,piab quro qupe ,11,2,piab quro qupe  11 2,2689,1306,206
1805,21,fasy quro qupe ,11,2,fasy quro qupe  11 2,2694,1307,21
1806,21,QURO ,10,2,QURO  10 2,2695,1308,19
1807,21,piab qupe ,12,1,piab qupe  12 1,2696,1309,86
1809,21,piab quro qupe ,12,2,piab quro qupe  12 2,2698,1310,123
1818,21,fasy qupe ,13,2,fasy qupe  13 2,2705,1311,46
1826,21,PIAB qupe ,12,2,PIAB qupe  12 2,2708,1312,3336
1835,21,QUPE quro ,9,2,QUPE quro  9 2,2711,1313,38
1839,21,piab qupe ,13,2,piab qupe  13 2,2713,1314,773
1845,21,PIAB qupe ,13,2,PIAB qupe  13 2,2716,1315,604
1849,21,piab quro ,12,2,piab quro  12 2,2718,1316,48
1858,21,QUPE quro ,10,2,QUPE quro  10 2,2722,1317,121
1859,21,piab fasy qupe ,13,2,piab fasy qupe  13 2,2723,1318,58
1864,21,quro qupe ,7,2,quro qupe  7 2,2724,1319,91
1874,21,QUPE piab ,11,2,QUPE piab  11 2,2727,1320,2524
1875,21,piab pini ,8,1,piab pini  8 1,2728,1321,324
1876,21,qupe ,11,2,qupe  11 2,2729,1322,235
1880,21,quro qupe ,7,1,quro qupe  7 1,2733,1323,15
1881,21,piab pini ,8,2,piab pini  8 2,2734,1324,5031
1890,21,piab quro ,11,2,piab quro  11 2,2736,1325,102
1892,21,piab quro qupe ,13,2,piab quro qupe  13 2,2737,1326,28
1895,21,qupe ,13,2,qupe  13 2,2738,1327,19
1896,21,qupe ,12,2,qupe  12 2,2739,1328,48
1904,21,fasy quro qupe ,10,2,fasy quro qupe  10 2,2745,1329,39
1908,21,QUPE ,12,2,QUPE  12 2,2747,1330,630
1909,21,QUPE ,11,2,QUPE  11 2,2748,1331,3783
1916,21,qupe pini ,8,2,qupe pini  8 2,2751,1332,1135
1928,21,QUPE piab ,8,1,QUPE piab  8 1,2755,1333,71
1929,21,QUPE ,13,2,QUPE  13 2,2756,1334,46
1936,21,piab qupe pini ,6,2,piab qupe pini  6 2,2757,1335,57
1937,21,QUPE piab ,9,2,QUPE piab  9 2,2758,1336,7119
1944,21,QUPE piab ,9,1,QUPE piab  9 1,2762,1337,74
1946,21,QUPE piab ,12,2,QUPE piab  12 2,2763,1338,494
1951,21,QUPE quro ,11,2,QUPE quro  11 2,2765,1339,30
1965,21,piab qupe ,6,2,piab qupe  6 2,2770,1340,47
1974,21,QUPE fasy ,10,2,QUPE fasy  10 2,2772,1341,84
1975,21,QUPE ,5,1,QUPE  5 1,2773,1342,31
1977,21,piab pini ,9,1,piab pini  9 1,2774,1343,176
1978,21,piab qupe pini ,7,2,piab qupe pini  7 2,2775,1344,1461
1981,21,piab qupe pini ,8,2,piab qupe pini  8 2,2777,1345,5252
1982,21,piab pini ,9,2,piab pini  9 2,2778,1346,2120
1985,21,QUPE piab ,6,2,QUPE piab  6 2,2779,1347,36
1987,21,PIAB pini ,9,2,PIAB pini  9 2,2780,1348,511
1989,21,QUPE piab ,13,2,QUPE piab  13 2,2781,1349,47
1990,21,PIAB qupe ,8,2,PIAB qupe  8 2,2782,1350,201
1991,21,piab fasy qupe pini ,10,2,piab fasy qupe pini  10 2,2783,1351,19
1992,21,qupe ,8,1,qupe  8 1,2784,1352,29
1993,21,piab qupe pini ,10,2,piab qupe pini  10 2,2785,1353,177
1996,21,QUPE piab ,10,1,QUPE piab  10 1,2786,1354,42
1999,21,PIAB qupe ,14,2,PIAB qupe  14 2,2787,1355,17
2002,21,QUPE quro ,8,2,QUPE quro  8 2,2789,1356,27
2005,21,PIAB qupe ,7,1,PIAB qupe  7 1,2791,1357,59
2010,21,piab quro qupe ,7,2,piab quro qupe  7 2,2794,1358,23
2011,21,piab quro ,9,1,piab quro  9 1,2795,1359,25
2014,21,piab quro ,7,1,piab quro  7 1,2796,1360,9
2023,21,piab fasy pini ,10,2,piab fasy pini  10 2,2802,1361,114
2025,21,piab pini ,10,2,piab pini  10 2,2804,1362,299
2027,21,QUPE piab ,11,1,QUPE piab  11 1,2806,1363,24
2060,21,piab qupe pini ,9,2,piab qupe pini  9 2,2825,1364,3121
2061,21,piab qupe pini ,9,1,piab qupe pini  9 1,2826,1365,44
1683,22,abal fasy qupe ,10,2,abal fasy qupe  10 2,2941,1366,24
1726,22,abal qupe ,10,2,abal qupe  10 2,2958,1367,26
1805,22,abal qupe ,12,2,abal qupe  12 2,2989,1368,20
1904,22,piab quro ,10,1,piab quro  10 1,3014,1369,26
1907,22,fasy qupe pini ,10,2,fasy qupe pini  10 2,3015,1370,29
1930,22,piab fasy pini ,8,2,piab fasy pini  8 2,3020,1371,2691
1972,22,fasy quro qupe ,10,1,fasy quro qupe  10 1,3032,1372,19
2006,22,piab fasy pini ,10,1,piab fasy pini  10 1,3042,1373,24
2021,22,PINI piab ,6,2,PINI piab  6 2,3048,1374,94
2025,22,PINI piab ,7,2,PINI piab  7 2,3049,1375,185
2030,22,piab pini ,7,2,piab pini  7 2,3050,1376,1822
2043,22,PIAB ,14,1,PIAB  14 1,3055,1377,18
2076,22,PINI ,6,2,PINI  6 2,3066,1378,212
2080,22,PIAB quro ,11,2,PIAB quro  11 2,3067,1379,32
2090,22,piab pini ,6,2,piab pini  6 2,3069,1380,329
2104,22,qupe pini ,9,2,qupe pini  9 2,3074,1381,516
1775,31,fasy quro pini ,8,2,fasy quro pini  8 2,3197,1382,14
1806,31,FASY pini ,9,2,FASY pini  9 2,3203,1383,43
1847,31,PIAB pini ,8,1,PIAB pini  8 1,3214,1384,20
1852,31,quro qupe pini ,6,2,quro qupe pini  6 2,3215,1385,21
1864,31,PIAB pini ,8,2,PIAB pini  8 2,3219,1386,308
1868,31,piab pini ,7,1,piab pini  7 1,3220,1387,264
1877,31,fasy qupe pini ,8,2,fasy qupe pini  8 2,3224,1388,418
1881,31,PINI qupe ,6,2,PINI qupe  6 2,3226,1389,17
1899,31,piab qupe pini ,8,1,piab qupe pini  8 1,3229,1390,154
1902,31,piab fasy qupe pini ,8,2,piab fasy qupe pini  8 2,3230,1391,174
1910,31,qupe pini ,10,2,qupe pini  10 2,3231,1392,35
1922,31,fasy qupe pini ,9,2,fasy qupe pini  9 2,3233,1393,302
1927,31,piab fasy qupe pini ,9,2,piab fasy qupe pini  9 2,3236,1394,167
1930,31,piab fasy qupe pini ,7,2,piab fasy qupe pini  7 2,3237,1395,32
1944,31,quro qupe ,5,1,quro qupe  5 1,3239,1396,11
1965,31,QUPE pini ,8,2,QUPE pini  8 2,3252,1397,85
1978,31,piab pini ,10,1,piab pini  10 1,3254,1398,30
1994,31,qupe pini ,5,2,qupe pini  5 2,3260,1399,22
2007,31,pini ,6,2,pini  6 2,3263,1400,32
2009,31,pini ,8,2,pini  8 2,3264,1401,54
2015,31,PINI ,9,2,PINI  9 2,3266,1402,19
2019,31,piab qupe pini ,7,1,piab qupe pini  7 1,3269,1403,127
2027,31,PINI ,8,2,PINI  8 2,3270,1404,117
2029,31,piab pini ,6,1,piab pini  6 1,3271,1405,104
2030,31,piab pini ,11,2,piab pini  11 2,3272,1406,45
2037,31,pini ,7,2,pini  7 2,3276,1407,65
2052,31,PIAB pini ,10,2,PIAB pini  10 2,3282,1408,106
2060,31,piab qupe pini ,11,2,piab qupe pini  11 2,3285,1409,20
2065,31,QUPE pini ,9,2,QUPE pini  9 2,3286,1410,79
2097,31,PIAB quro ,10,2,PIAB quro  10 2,3294,1411,102
2102,31,PIAB pini ,11,2,PIAB pini  11 2,3298,1412,19
2111,31,piab fasy pini ,11,2,piab fasy pini  11 2,3301,1413,19
2115,31,PINI fasy ,7,2,PINI fasy  7 2,3303,1414,18
2117,31,qupe pini ,7,1,qupe pini  7 1,3304,1415,19
2122,31,PINI piab ,8,2,PINI piab  8 2,3307,1416,34
2124,31,PINI ,7,2,PINI  7 2,3308,1417,186
2153,31,PIAB pini ,9,1,PIAB pini  9 1,3323,1418,18
